Company,Job Title,url,Date Created,Last Date Accessed,Last Date Checked,Original Ad Text
Google,"Security Engineer, Detection Engineering, Mandiant — Google Careers",https://www.google.com/about/careers/applications/jobs/results/76124005794226886-security-engineer-detection-engineering-mandiant?degree=BACHELORS&q=Software%20Engineer&employment_type=FULL_TIME&sort_by=date&has_remote=true&target_level=EARLY&target_level=MID&page=1,2024-07-24 01:30,2024-07-24 01:30,2024-07-24 01:30,"Security Engineer, Detection Engineering, Mandiant — Google Careers





Careers
Careers
Skip to main content
Teams
Locations
Benefits
Jobs
Students
Your career
arrow_drop_down
Your career menu
Applications
Profile
Saved jobs
Job alerts
Sign in

Applications
Profile
Search jobs
Saved jobs
Job alerts
Teams
Locations
Benefits
Jobs
Students
Help
Send Feedback
job details
arrow_back
Back to jobs search
Jobs search results
3
  jobs matched
Security Engineer, Detection Engineering, Mandiant
Netherlands
 | Remote eligible
Senior Infrastructure Operations Engineer, Sovereign Operations
London, UK
; United Kingdom
 | Remote eligible
Senior Software Developer, Machine Learning, Google Cloud Platforms
Kirkland, WA, USA
; Seattle, WA, USA
; +3 more
; +2 more
 | Remote eligible
1‑3 of 3
Follow Life at Google on
More about us
About us
open_in_new
Contact us
open_in_new
Press
open_in_new
Related Information
Investor relations
open_in_new
Blog
open_in_new
Equal Opportunity
Google is proud to be an equal opportunity and affirmative action employer. We are committed to building a workforce that is representative of the users we serve, creating a culture of belonging, and providing an equal employment opportunity regardless of race, creed, color, religion, gender, sexual orientation, gender identity/expression, national origin, disability, age, genetic information, veteran status, marital status, pregnancy or related condition (including breastfeeding), expecting or parents-to-be, criminal histories consistent with legal requirements, or any other basis protected by law. See also 
 Google's EEO Policy
, 
Know your rights: workplace discrimination is illegal
, 
Belonging at Google
, and 
How we hire
.
More about us
expand_more
Related information
expand_more
Equal opportunity
expand_more
Privacy
open_in_new
Applicant & Candidate Privacy
open_in_new
Terms
open_in_new
help
Help
open_in_new
arrow_back
Back to jobs search
Security Engineer, Detection Engineering, Mandiant
share
link
Copy link
email
Email a friend
corporate_fare
Google
place
Netherlands
laptop_windows
Remote eligible
bar_chart
Mid
Mid
Experience driving progress, solving problems, and mentoring more junior team members; deeper expertise and applied knowledge within relevant area.
Apply
share
link
Copy link
email
Email a friend
info_outline
X
Info Note: Google’s hybrid workplace includes remote roles.

Remote location: Netherlands.
Note: Google’s hybrid workplace includes remote roles.
Remote location: Netherlands.
Minimum qualifications:
Bachelor's degree or equivalent practical experience.
5 years of coding experience in one or more general purpose languages.
5 years of experience with security assessments, security design reviews, or threat modeling.
5 years of experience with security engineering, computer and network security, and security protocols.
Experience with intrusion operations and models such as MITRE ATT&CK, Cyber Killchain, or Mandiant Targeted Attack Lifecycle.
Detection engineering experience with Yara-L or Sigma.
Preferred qualifications:
Experience building and using detection rule generation and automation systems.
Ability to identify detection opportunities in intelligence, sandbox, and malware reports.
About the job
Our Security team works to create and maintain the safest operating environment for Google's users and developers. Security Engineers work with network equipment and actively monitor our systems for attacks and intrusions. In this role, you will also work with software engineers to proactively identify and fix security flaws and vulnerabilities.
Mandiant Intelligence Operations’ mission is to illuminate threats and empower defenders. The Mandiant Detection Engineering Team’s (MDET) purpose is to provide the detection operations capability for Mandiant Intelligence; to enable and scale our detection efforts, oversee rulesets, work on escalations, identify and close detection gaps, and provide ongoing support to detection and hunting efforts.
As a Security Engineer on MDET, you will respond to detection engineering requests based on Google’s global visibility into the latest threats and develop specialized detection content utilizing multiple detection engines for both internal and external use. You will reverse engineer malware to create high-fidelity resilient detections for threats facing our users.
You will also contribute to the detection operations program responsible for supporting detection efforts of teams across Google; ensuring deployed detection rules perform as expected and work on issues with deployed rules. In this role, you look for opportunities to automate your workflows and scale the impact you have in building detections and analysis tools for thousands of malware families.
We encourage giving back to the security community and strongly support sharing of expertise through blogs, whitepapers, tool releases, and conference talks.
Part of Google Cloud, Mandiant is a recognized leader in dynamic cyber defense, threat intelligence and incident response services. By scaling decades of frontline experience, Mandiant helps organizations to be confident in their readiness to defend against and respond to cyber threats.
Responsibilities
Support detection efforts across the full scope of Google Threat Intelligence.
Analyze threats to build detection content in Yara, Snort/Suricata, Yara-L, and EDR rule formats.
Review reports and other technical threat data to identify detection opportunities, while also peer-reviewing detection rules to enforce quality and process.
Determine current detection coverage for malware samples, network traffic, and endpoint events.
Monitor and tune deployed detection rules to mitigate false positives, while also building and using detection rule generation and automation systems.
Information collected and processed as part of your Google Careers profile, and any job applications you choose to submit is subject to Google's 
Applicant and Candidate Privacy Policy
.
Google is proud to be an equal opportunity and affirmative action employer. We are committed to building a workforce that is representative of the users we serve, creating a culture of belonging, and providing an equal employment opportunity regardless of race, creed, color, religion, gender, sexual orientation, gender identity/expression, national origin, disability, age, genetic information, veteran status, marital status, pregnancy or related condition (including breastfeeding), expecting or parents-to-be, criminal histories consistent with legal requirements, or any other basis protected by law. See also 
 Google's EEO Policy
, 
Know your rights: workplace discrimination is illegal
, 
Belonging at Google
, and 
How we hire
.
If you have a need that requires accommodation, please let us know by completing our 
Accommodations for Applicants form
.
Google is a global company and, in order to facilitate efficient collaboration and communication globally, English proficiency is a requirement for all roles unless stated otherwise in the job posting.
To all recruitment agencies: Google does not accept agency resumes. Please do not forward resumes to our jobs alias, Google employees, or any other organization location. Google is not responsible for any fees related to unsolicited resumes.
Follow Life at Google on
More about us
About us
open_in_new
Contact us
open_in_new
Press
open_in_new
Related Information
Investor relations
open_in_new
Blog
open_in_new
Equal Opportunity
Google is proud to be an equal opportunity and affirmative action employer. We are committed to building a workforce that is representative of the users we serve, creating a culture of belonging, and providing an equal employment opportunity regardless of race, creed, color, religion, gender, sexual orientation, gender identity/expression, national origin, disability, age, genetic information, veteran status, marital status, pregnancy or related condition (including breastfeeding), expecting or parents-to-be, criminal histories consistent with legal requirements, or any other basis protected by law. See also 
 Google's EEO Policy
, 
Know your rights: workplace discrimination is illegal
, 
Belonging at Google
, and 
How we hire
.
More about us
expand_more
Related information
expand_more
Equal opportunity
expand_more
Privacy
open_in_new
Applicant & Candidate Privacy
open_in_new
Terms
open_in_new
help
Help
open_in_new

Follow Life at Google on
More about us
About us
open_in_new
Contact us
open_in_new
Press
open_in_new
Related Information
Investor relations
open_in_new
Blog
open_in_new
Equal Opportunity
Google is proud to be an equal opportunity and affirmative action employer. We are committed to building a workforce that is representative of the users we serve, creating a culture of belonging, and providing an equal employment opportunity regardless of race, creed, color, religion, gender, sexual orientation, gender identity/expression, national origin, disability, age, genetic information, veteran status, marital status, pregnancy or related condition (including breastfeeding), expecting or parents-to-be, criminal histories consistent with legal requirements, or any other basis protected by law. See also 
 Google's EEO Policy
, 
Know your rights: workplace discrimination is illegal
, 
Belonging at Google
, and 
How we hire
.
More about us
expand_more
Related information
expand_more
Equal opportunity
expand_more
Privacy
open_in_new
Applicant & Candidate Privacy
open_in_new
Terms
open_in_new
help
Help
open_in_new








Main menu
Google apps"
Google,"Senior Infrastructure Operations Engineer, Sovereign Operations — Google Careers",https://www.google.com/about/careers/applications/jobs/results/99043585782883014-senior-infrastructure-operations-engineer-sovereign-operations?degree=BACHELORS&q=Software%20Engineer&employment_type=FULL_TIME&sort_by=date&has_remote=true&target_level=EARLY&target_level=MID&page=1,2024-07-24 01:30,2024-07-24 01:30,2024-07-24 01:30,"Senior Infrastructure Operations Engineer, Sovereign Operations — Google Careers






Careers
Careers
Skip to main content
Teams
Locations
Benefits
Jobs
Students
Your career
arrow_drop_down
Your career menu
Applications
Profile
Saved jobs
Job alerts
Sign in

Applications
Profile
Search jobs
Saved jobs
Job alerts
Teams
Locations
Benefits
Jobs
Students
Help
Send Feedback
job details
arrow_back
Back to jobs search
Jobs search results
3
  jobs matched
Security Engineer, Detection Engineering, Mandiant
Netherlands
 | Remote eligible
Senior Infrastructure Operations Engineer, Sovereign Operations
London, UK
; United Kingdom
 | Remote eligible
Senior Software Developer, Machine Learning, Google Cloud Platforms
Kirkland, WA, USA
; Seattle, WA, USA
; +3 more
; +2 more
 | Remote eligible
1‑3 of 3
Follow Life at Google on
More about us
About us
open_in_new
Contact us
open_in_new
Press
open_in_new
Related Information
Investor relations
open_in_new
Blog
open_in_new
Equal Opportunity
Google is proud to be an equal opportunity and affirmative action employer. We are committed to building a workforce that is representative of the users we serve, creating a culture of belonging, and providing an equal employment opportunity regardless of race, creed, color, religion, gender, sexual orientation, gender identity/expression, national origin, disability, age, genetic information, veteran status, marital status, pregnancy or related condition (including breastfeeding), expecting or parents-to-be, criminal histories consistent with legal requirements, or any other basis protected by law. See also 
 Google's EEO Policy
, 
Know your rights: workplace discrimination is illegal
, 
Belonging at Google
, and 
How we hire
.
More about us
expand_more
Related information
expand_more
Equal opportunity
expand_more
Privacy
open_in_new
Applicant & Candidate Privacy
open_in_new
Terms
open_in_new
help
Help
open_in_new
arrow_back
Back to jobs search
Senior Infrastructure Operations Engineer, Sovereign Operations
share
link
Copy link
email
Email a friend
corporate_fare
Google
place
London, UK
; United Kingdom
laptop_windows
Remote eligible
bar_chart
Mid
Mid
Experience driving progress, solving problems, and mentoring more junior team members; deeper expertise and applied knowledge within relevant area.
Apply
share
link
Copy link
email
Email a friend
info_outline
X
Info Note: Google’s hybrid workplace includes remote and in-office roles. By applying to this position you will have an opportunity to share your preferred working location from the following:

In-office locations: London, UK.
Remote location(s): United Kingdom.
Note: Google’s hybrid workplace includes remote and in-office roles. By applying to this position you will have an opportunity to share your preferred working location from the following:
In-office locations: London, UK.
Remote location(s): United Kingdom.
Minimum qualifications:
Bachelor's degree in Computer Science, Mathematics, related technical field, or equivalent practical experience.
Experience automating infrastructure provisioning, developer operations, or continuous integration, delivery, designing, building, deploying of cloud-based solution architectures.
Experience with physical and virtual infrastructure, operating systems, or virtualization, and expertise in either Linux/Docker/Kubernetes technologies or Windows and Active Directory environments.
Developed Vetting (DV) UK Security Clearance.
Preferred qualifications:
Experience with deployment and orchestration technologies (e.g., Docker, Kubernetes, Mesos, OpenStack, Puppet, Chef, Salt, Ansible, Jenkins).
Experience in system administration tasks in Linux or Unix.
Experience designing, building, and deploying scalable cloud-based solutions.
Familiarity with standard IT security practices (e.g., encryption, certificates, key management and use of HSMs or other specialist security equipment).
Ability to work on a team to design processes, implement strategic projects that solve business problems, lead or work effectively with cross-functional groups and execute in a customer-focused environment.
Active Developed Vetting (DV) Security Clearance.
About the job
As an Infrastructure Operations Engineer, you will be part of a team of engineers that deploys and operates our private cloud services for customers. You will be deploying new infrastructure as our deployments scale, rolling out new features and updates, troubleshooting problems, and managing incidents. You will automate common tasks, manage incidents and conduct blameless retrospectives to avoid the same problems happening again. You will work with local support staff to help them with challenging problems and you will reach back into Google’s product teams for help where you need it. You will troubleshoot technical problems with a mix of debugging, networking, system administration and coding/scripting skills. 
Responsibilities
Build, configure, and deploy new compute, network, storage and specialist security infrastructure, ensuring correct configuration and bring into service in line with standard playbooks from Google product teams.
Resolve high-profile escalations and issues, improve the customer experience, and drive initiatives that increase their likelihood of success on the platform.
Manage the health and performance of the environment using observability tools, carrying out maintenance and updates to roll out new features and keep the platform secure.
Participate in a 24/7, on-call rotation for incident response escalation within response and on-site Service Level Agreements (SLA).
Provide highly technical implementation support in customer environments, including guidance on implementation feasibility of cross-product integrations.
Information collected and processed as part of your Google Careers profile, and any job applications you choose to submit is subject to Google's 
Applicant and Candidate Privacy Policy
.
Google is proud to be an equal opportunity and affirmative action employer. We are committed to building a workforce that is representative of the users we serve, creating a culture of belonging, and providing an equal employment opportunity regardless of race, creed, color, religion, gender, sexual orientation, gender identity/expression, national origin, disability, age, genetic information, veteran status, marital status, pregnancy or related condition (including breastfeeding), expecting or parents-to-be, criminal histories consistent with legal requirements, or any other basis protected by law. See also 
 Google's EEO Policy
, 
Know your rights: workplace discrimination is illegal
, 
Belonging at Google
, and 
How we hire
.
If you have a need that requires accommodation, please let us know by completing our 
Accommodations for Applicants form
.
Google is a global company and, in order to facilitate efficient collaboration and communication globally, English proficiency is a requirement for all roles unless stated otherwise in the job posting.
To all recruitment agencies: Google does not accept agency resumes. Please do not forward resumes to our jobs alias, Google employees, or any other organization location. Google is not responsible for any fees related to unsolicited resumes.
Follow Life at Google on
More about us
About us
open_in_new
Contact us
open_in_new
Press
open_in_new
Related Information
Investor relations
open_in_new
Blog
open_in_new
Equal Opportunity
Google is proud to be an equal opportunity and affirmative action employer. We are committed to building a workforce that is representative of the users we serve, creating a culture of belonging, and providing an equal employment opportunity regardless of race, creed, color, religion, gender, sexual orientation, gender identity/expression, national origin, disability, age, genetic information, veteran status, marital status, pregnancy or related condition (including breastfeeding), expecting or parents-to-be, criminal histories consistent with legal requirements, or any other basis protected by law. See also 
 Google's EEO Policy
, 
Know your rights: workplace discrimination is illegal
, 
Belonging at Google
, and 
How we hire
.
More about us
expand_more
Related information
expand_more
Equal opportunity
expand_more
Privacy
open_in_new
Applicant & Candidate Privacy
open_in_new
Terms
open_in_new
help
Help
open_in_new

Follow Life at Google on
More about us
About us
open_in_new
Contact us
open_in_new
Press
open_in_new
Related Information
Investor relations
open_in_new
Blog
open_in_new
Equal Opportunity
Google is proud to be an equal opportunity and affirmative action employer. We are committed to building a workforce that is representative of the users we serve, creating a culture of belonging, and providing an equal employment opportunity regardless of race, creed, color, religion, gender, sexual orientation, gender identity/expression, national origin, disability, age, genetic information, veteran status, marital status, pregnancy or related condition (including breastfeeding), expecting or parents-to-be, criminal histories consistent with legal requirements, or any other basis protected by law. See also 
 Google's EEO Policy
, 
Know your rights: workplace discrimination is illegal
, 
Belonging at Google
, and 
How we hire
.
More about us
expand_more
Related information
expand_more
Equal opportunity
expand_more
Privacy
open_in_new
Applicant & Candidate Privacy
open_in_new
Terms
open_in_new
help
Help
open_in_new








Main menu
Google apps"
Google,"Senior Software Developer, Machine Learning, Google Cloud Platforms — Google Careers",https://www.google.com/about/careers/applications/jobs/results/143115543971275462-senior-software-developer-machine-learning-google-cloud-platforms?degree=BACHELORS&q=Software%20Engineer&employment_type=FULL_TIME&sort_by=date&has_remote=true&target_level=EARLY&target_level=MID&page=1,2024-07-24 01:30,2024-07-24 01:30,2024-07-24 01:30,"Senior Software Developer, Machine Learning, Google Cloud Platforms — Google Careers






Careers
Careers
Skip to main content
Teams
Locations
Benefits
Jobs
Students
Your career
arrow_drop_down
Your career menu
Applications
Profile
Saved jobs
Job alerts
Sign in

Applications
Profile
Search jobs
Saved jobs
Job alerts
Teams
Locations
Benefits
Jobs
Students
Help
Send Feedback
job details
arrow_back
Back to jobs search
Jobs search results
3
  jobs matched
Security Engineer, Detection Engineering, Mandiant
Netherlands
 | Remote eligible
Senior Infrastructure Operations Engineer, Sovereign Operations
London, UK
; United Kingdom
 | Remote eligible
Senior Software Developer, Machine Learning, Google Cloud Platforms
Kirkland, WA, USA
; Seattle, WA, USA
; +3 more
; +2 more
 | Remote eligible
1‑3 of 3
Follow Life at Google on
More about us
About us
open_in_new
Contact us
open_in_new
Press
open_in_new
Related Information
Investor relations
open_in_new
Blog
open_in_new
Equal Opportunity
Google is proud to be an equal opportunity and affirmative action employer. We are committed to building a workforce that is representative of the users we serve, creating a culture of belonging, and providing an equal employment opportunity regardless of race, creed, color, religion, gender, sexual orientation, gender identity/expression, national origin, disability, age, genetic information, veteran status, marital status, pregnancy or related condition (including breastfeeding), expecting or parents-to-be, criminal histories consistent with legal requirements, or any other basis protected by law. See also 
 Google's EEO Policy
, 
Know your rights: workplace discrimination is illegal
, 
Belonging at Google
, and 
How we hire
.
More about us
expand_more
Related information
expand_more
Equal opportunity
expand_more
Privacy
open_in_new
Applicant & Candidate Privacy
open_in_new
Terms
open_in_new
help
Help
open_in_new
arrow_back
Back to jobs search
Senior Software Developer, Machine Learning, Google Cloud Platforms
share
link
Copy link
email
Email a friend
corporate_fare
Google
place
Kirkland, WA, USA
; Seattle, WA, USA
; +3 more
; +2 more
laptop_windows
Remote eligible
bar_chart
Mid
Mid
Experience driving progress, solving problems, and mentoring more junior team members; deeper expertise and applied knowledge within relevant area.
Apply
share
link
Copy link
email
Email a friend
info_outline
X
Info The application window will be open until at least July 10, 2024. This opportunity will remain online based on business needs which may be before or after the specified date.Note: Google’s hybrid workplace includes remote and in-office roles. By applying to this position you will have an opportunity to share your preferred working location from the following:

In-office locations: Kirkland, WA, USA; Seattle, WA, USA; Sunnyvale, CA, USA.
Remote location(s): United States.
The application window will be open until at least July 10, 2024. This opportunity will remain online based on business needs which may be before or after the specified date.Note: Google’s hybrid workplace includes remote and in-office roles. By applying to this position you will have an opportunity to share your preferred working location from the following:
In-office locations: Kirkland, WA, USA; Seattle, WA, USA; Sunnyvale, CA, USA.
Remote location(s): United States.
Minimum qualifications:
Bachelor’s degree or equivalent practical experience.

5 years of experience with software development in one or more programming languages, and with data structures/algorithms.

3 years of experience testing, maintaining or launching software products, and 1 year of experience with software design and architecture.
3 years of experience with ML/AI algorithms and tools, deep learning or natural language processing.
Preferred qualifications:
Master's degree or PhD in Computer Science or related technical field.



1 year of experience in a technical leadership role.
Experience developing accessible technologies.
About the job
Google's software developers develop the next-generation technologies that change how billions of users connect, explore, and interact with information and one another. Our products need to handle information at massive scale, and extend well beyond web search. We're looking for software developers who bring fresh ideas from all areas, including information retrieval, distributed computing, large-scale system design, networking and data storage, security, artificial intelligence, natural language processing, UI design and mobile; the list goes on and is growing every day. As a software developer, you will work on a specific project critical to Google’s needs with opportunities to switch teams and projects as you and our fast-paced business grow and evolve. We need our software developers to be versatile, display leadership qualities and be enthusiastic to take on new problems across the full-stack as we continue to push technology forward.
With your technical expertise you will manage project priorities, deadlines, and deliverables. You will design, develop, test, deploy, maintain, and enhance software solutions.
Behind everything our users see online is the architecture built by the Technical Infrastructure team to keep it running. From developing and maintaining our data centers to building the next generation of Google platforms, we make Google's product portfolio possible. We're proud and love voiding warranties by taking things apart so we can rebuild them. We keep our networks up and running, ensuring our users have the best and fastest experience possible.
Google Cloud accelerates every organization’s ability to digitally transform its business and industry. We deliver enterprise-grade solutions that leverage Google’s cutting-edge technology, and tools that help developers build more sustainably. Customers in more than 200 countries and territories turn to Google Cloud as their trusted partner to enable growth and solve their most critical business problems.
The US base salary range for this full-time position is $161,000-$239,000 + bonus + equity + benefits. Our salary ranges are determined by role, level, and location. The range displayed on each job posting reflects the minimum and maximum target salaries for the position across all US locations. Within the range, individual pay is determined by work location and additional factors, including job-related skills, experience, and relevant education or training. Your recruiter can share more about the specific salary range for your preferred location during the hiring process.
Please note that the compensation details listed in US role postings reflect the base salary only, and do not include bonus, equity, or benefits. Learn more about 
benefits at Google
.
Responsibilities
Write and test product or system development code.

Participate in, or lead design reviews with peers and stakeholders to decide amongst available technologies.

Review code developed by other developers and provide feedback to ensure best practices (e.g., style guidelines, checking code in, accuracy, testability, and efficiency).

Contribute to existing documentation or educational content and adapt content based on product/program updates and user feedback.

Triage product or system issues and debug/track/resolve by analyzing the sources of issues and the impact on hardware, network, or service operations and quality.

Information collected and processed as part of your Google Careers profile, and any job applications you choose to submit is subject to Google's 
Applicant and Candidate Privacy Policy
.
Google is proud to be an equal opportunity and affirmative action employer. We are committed to building a workforce that is representative of the users we serve, creating a culture of belonging, and providing an equal employment opportunity regardless of race, creed, color, religion, gender, sexual orientation, gender identity/expression, national origin, disability, age, genetic information, veteran status, marital status, pregnancy or related condition (including breastfeeding), expecting or parents-to-be, criminal histories consistent with legal requirements, or any other basis protected by law. See also 
 Google's EEO Policy
, 
Know your rights: workplace discrimination is illegal
, 
Belonging at Google
, and 
How we hire
.
If you have a need that requires accommodation, please let us know by completing our 
Accommodations for Applicants form
.
Google is a global company and, in order to facilitate efficient collaboration and communication globally, English proficiency is a requirement for all roles unless stated otherwise in the job posting.
To all recruitment agencies: Google does not accept agency resumes. Please do not forward resumes to our jobs alias, Google employees, or any other organization location. Google is not responsible for any fees related to unsolicited resumes.
Follow Life at Google on
More about us
About us
open_in_new
Contact us
open_in_new
Press
open_in_new
Related Information
Investor relations
open_in_new
Blog
open_in_new
Equal Opportunity
Google is proud to be an equal opportunity and affirmative action employer. We are committed to building a workforce that is representative of the users we serve, creating a culture of belonging, and providing an equal employment opportunity regardless of race, creed, color, religion, gender, sexual orientation, gender identity/expression, national origin, disability, age, genetic information, veteran status, marital status, pregnancy or related condition (including breastfeeding), expecting or parents-to-be, criminal histories consistent with legal requirements, or any other basis protected by law. See also 
 Google's EEO Policy
, 
Know your rights: workplace discrimination is illegal
, 
Belonging at Google
, and 
How we hire
.
More about us
expand_more
Related information
expand_more
Equal opportunity
expand_more
Privacy
open_in_new
Applicant & Candidate Privacy
open_in_new
Terms
open_in_new
help
Help
open_in_new

Follow Life at Google on
More about us
About us
open_in_new
Contact us
open_in_new
Press
open_in_new
Related Information
Investor relations
open_in_new
Blog
open_in_new
Equal Opportunity
Google is proud to be an equal opportunity and affirmative action employer. We are committed to building a workforce that is representative of the users we serve, creating a culture of belonging, and providing an equal employment opportunity regardless of race, creed, color, religion, gender, sexual orientation, gender identity/expression, national origin, disability, age, genetic information, veteran status, marital status, pregnancy or related condition (including breastfeeding), expecting or parents-to-be, criminal histories consistent with legal requirements, or any other basis protected by law. See also 
 Google's EEO Policy
, 
Know your rights: workplace discrimination is illegal
, 
Belonging at Google
, and 
How we hire
.
More about us
expand_more
Related information
expand_more
Equal opportunity
expand_more
Privacy
open_in_new
Applicant & Candidate Privacy
open_in_new
Terms
open_in_new
help
Help
open_in_new








Main menu
Google apps"
Google,"Field Sales Representative, Digital Assets, Google Cloud — Google Careers",https://www.google.com/about/careers/applications/jobs/results/129013536062874310-field-sales-representative-digital-assets-google-cloud?degree=BACHELORS&q=Software%20Engineer&employment_type=FULL_TIME&sort_by=date&target_level=EARLY&target_level=MID&location=New%20York%2C%20NY%2C%20USA&page=1,2024-07-24 01:30,2024-07-24 01:30,2024-07-24 01:30,"Field Sales Representative, Digital Assets, Google Cloud — Google Careers






Careers
Careers
Skip to main content
Teams
Locations
Benefits
Jobs
Students
Your career
arrow_drop_down
Your career menu
Applications
Profile
Saved jobs
Job alerts
Sign in

Applications
Profile
Search jobs
Saved jobs
Job alerts
Teams
Locations
Benefits
Jobs
Students
Help
Send Feedback
job details
arrow_back
Back to jobs search
Jobs search results
34
  jobs matched
Field Sales Representative, Digital Assets, Google Cloud
New York, NY, USA
; Austin, TX, USA
; +3 more
; +2 more
Software Engineer III, Engineering Productivity, Google Ads
Mountain View, CA, USA
; New York, NY, USA
Senior Video Editing Software Engineer, Google Photos
Los Angeles, CA, USA
; New York, NY, USA
; +2 more
; +1 more
Product Manager I, Ads
Mountain View, CA, USA
; San Bruno, CA, USA
; +3 more
; +2 more
Technical Program Manager III, Software Engineering, Search
Mountain View, CA, USA
; New York, NY, USA
Brand Designer, Google Cloud, Marketing
San Francisco, CA, USA
; New York, NY, USA
; +2 more
; +1 more
Silicon Design Verification Engineer, Devices and Services
Mountain View, CA, USA
; Austin, TX, USA
; +2 more
; +1 more
Security Engineer, Cloud Vulnerability Research
New York, NY, USA
Security Researcher, Device Wireless Connectivity
Mountain View, CA, USA
; Kirkland, WA, USA
; +2 more
; +1 more
Field Sales Representative, Growth, Startups, Google Cloud
New York, NY, USA
Software Engineer III, Infrastructure, Google Ads
New York, NY, USA
Senior Developer Relations Engineer, Android, Passkeys Authentication
Mountain View, CA, USA
; Seattle, WA, USA
; +3 more
; +2 more
Product Manager II, Google Assistant
Mountain View, CA, USA
; New York, NY, USA
Interaction Designer, Google Photos
New York, NY, USA
Senior Software Engineer, Google Ads
Cambridge, MA, USA
; New York, NY, USA
Software Engineer II, Learning and Education
New York, NY, USA
Software Engineer III, Machine Learning, Google Ads
Mountain View, CA, USA
; Los Angeles, CA, USA
; +2 more
; +1 more
Software Engineer III, Google Ads
Mountain View, CA, USA
; Irvine, CA, USA
; +4 more
; +3 more
Senior Software Engineer, Generative AI, Google Cloud AI
Kirkland, WA, USA
; New York, NY, USA
; +2 more
; +1 more
Senior Software Engineer, Infrastructure, Google Cloud Storage
New York, NY, USA
1‑20 of 34
navigate_next
Follow Life at Google on
More about us
About us
open_in_new
Contact us
open_in_new
Press
open_in_new
Related Information
Investor relations
open_in_new
Blog
open_in_new
Equal Opportunity
Google is proud to be an equal opportunity and affirmative action employer. We are committed to building a workforce that is representative of the users we serve, creating a culture of belonging, and providing an equal employment opportunity regardless of race, creed, color, religion, gender, sexual orientation, gender identity/expression, national origin, disability, age, genetic information, veteran status, marital status, pregnancy or related condition (including breastfeeding), expecting or parents-to-be, criminal histories consistent with legal requirements, or any other basis protected by law. See also 
 Google's EEO Policy
, 
Know your rights: workplace discrimination is illegal
, 
Belonging at Google
, and 
How we hire
.
More about us
expand_more
Related information
expand_more
Equal opportunity
expand_more
Privacy
open_in_new
Applicant & Candidate Privacy
open_in_new
Terms
open_in_new
help
Help
open_in_new
arrow_back
Back to jobs search
Field Sales Representative, Digital Assets, Google Cloud
share
link
Copy link
email
Email a friend
corporate_fare
Google
place
New York, NY, USA
; Austin, TX, USA
; +3 more
; +2 more
bar_chart
Mid
Mid
Experience driving progress, solving problems, and mentoring more junior team members; deeper expertise and applied knowledge within relevant area.
Apply
share
link
Copy link
email
Email a friend
info_outline
X
Info Note: By applying to this position you will have an opportunity to share your preferred working location from the following: New York, NY, USA; Austin, TX, USA; Chicago, IL, USA; San Francisco, CA, USA.
Note: By applying to this position you will have an opportunity to share your preferred working location from the following: 
New York, NY, USA; Austin, TX, USA; Chicago, IL, USA; San Francisco, CA, USA
.
Minimum qualifications:
Bachelor's degree or equivalent practical experience.
7 years of experience with quota-carrying cloud or software sales, or account management at a business to business software company.
Preferred qualifications:
Experience selling Cloud Solutions, Infrastructure Software, Databases, Analytic Tools, or Applications Software across multiple industries, aligning technology solutions to drive high value business outcomes.
Experience growing existing customer base and acquiring new logos at scale, to increase spend and accelerate consumption business growth.
Experience working with, and leading, cross-functional internal teams (e.g., Business Development, Customer Engineers, Partner Sales) and external partners in implementation projects and negotiations.
Experience cultivating and maintaining relationships to build partnerships and sell cloud solutions, with the ability to influence at the executive level.
About the job
The Google Cloud Platform team helps customers transform and build what's next for their business — all with technology built in the cloud. Our products are developed for security, reliability and scalability, running the full stack from infrastructure to applications to devices and hardware. Our teams are dedicated to helping our customers — developers, small and large businesses, educational institutions and government agencies — see the benefits of our technology come to life. As part of an entrepreneurial team in this rapidly growing business, you will play a key role in understanding the needs of our customers and help shape the future of businesses of all sizes use technology to connect with customers, employees and partners.
As an Enterprise Field Sales Representative within Digital Assets group, you will manage enterprise accounts, leveraging existing relationships with executives, develop new relationships, and act as a business partner to understand the customer’s challenges and goals. You will lead the innovative power of products to make organizations more productive, collaborative, and mobile.
Google Cloud accelerates every organization’s ability to digitally transform its business and industry. We deliver enterprise-grade solutions that leverage Google’s cutting-edge technology, and tools that help developers build more sustainably. Customers in more than 200 countries and territories turn to Google Cloud as their trusted partner to enable growth and solve their most critical business problems.
The US base salary range for this full-time position is $91,000-$136,000 + bonus + equity + benefits. Our salary ranges are determined by role, level, and location. The range displayed on each job posting reflects the minimum and maximum target salaries for the position across all US locations. Within the range, individual pay is determined by work location and additional factors, including job-related skills, experience, and relevant education or training. Your recruiter can share more about the specific salary range for your preferred location during the hiring process.
Please note that the compensation details listed in US role postings reflect the base salary only, and do not include bonus, equity, or benefits. Learn more about 
benefits at Google
.
Responsibilities
Build relationships with enterprise customers to influence long-term technology and business decisions.
Manage SaaS product portfolio, technology strategy, strategic growth plans, business drivers, financial structure, customer base, vertical market offering, and competitive landscape.       
Lead account strategy to develop business growth opportunities, working cross-functionally with multiple teams and Google Partners, to maximize business impact within enterprise customers.
Manage business cycles, presenting to executives and negotiating terms.
Drive business development, own operational excellence at scale, forecast accurately, and achieve strategic goals by leading customers through the entire business cycle.
Information collected and processed as part of your Google Careers profile, and any job applications you choose to submit is subject to Google's 
Applicant and Candidate Privacy Policy
.
Google is proud to be an equal opportunity and affirmative action employer. We are committed to building a workforce that is representative of the users we serve, creating a culture of belonging, and providing an equal employment opportunity regardless of race, creed, color, religion, gender, sexual orientation, gender identity/expression, national origin, disability, age, genetic information, veteran status, marital status, pregnancy or related condition (including breastfeeding), expecting or parents-to-be, criminal histories consistent with legal requirements, or any other basis protected by law. See also 
 Google's EEO Policy
, 
Know your rights: workplace discrimination is illegal
, 
Belonging at Google
, and 
How we hire
.
If you have a need that requires accommodation, please let us know by completing our 
Accommodations for Applicants form
.
Google is a global company and, in order to facilitate efficient collaboration and communication globally, English proficiency is a requirement for all roles unless stated otherwise in the job posting.
To all recruitment agencies: Google does not accept agency resumes. Please do not forward resumes to our jobs alias, Google employees, or any other organization location. Google is not responsible for any fees related to unsolicited resumes.
Follow Life at Google on
More about us
About us
open_in_new
Contact us
open_in_new
Press
open_in_new
Related Information
Investor relations
open_in_new
Blog
open_in_new
Equal Opportunity
Google is proud to be an equal opportunity and affirmative action employer. We are committed to building a workforce that is representative of the users we serve, creating a culture of belonging, and providing an equal employment opportunity regardless of race, creed, color, religion, gender, sexual orientation, gender identity/expression, national origin, disability, age, genetic information, veteran status, marital status, pregnancy or related condition (including breastfeeding), expecting or parents-to-be, criminal histories consistent with legal requirements, or any other basis protected by law. See also 
 Google's EEO Policy
, 
Know your rights: workplace discrimination is illegal
, 
Belonging at Google
, and 
How we hire
.
More about us
expand_more
Related information
expand_more
Equal opportunity
expand_more
Privacy
open_in_new
Applicant & Candidate Privacy
open_in_new
Terms
open_in_new
help
Help
open_in_new

Follow Life at Google on
More about us
About us
open_in_new
Contact us
open_in_new
Press
open_in_new
Related Information
Investor relations
open_in_new
Blog
open_in_new
Equal Opportunity
Google is proud to be an equal opportunity and affirmative action employer. We are committed to building a workforce that is representative of the users we serve, creating a culture of belonging, and providing an equal employment opportunity regardless of race, creed, color, religion, gender, sexual orientation, gender identity/expression, national origin, disability, age, genetic information, veteran status, marital status, pregnancy or related condition (including breastfeeding), expecting or parents-to-be, criminal histories consistent with legal requirements, or any other basis protected by law. See also 
 Google's EEO Policy
, 
Know your rights: workplace discrimination is illegal
, 
Belonging at Google
, and 
How we hire
.
More about us
expand_more
Related information
expand_more
Equal opportunity
expand_more
Privacy
open_in_new
Applicant & Candidate Privacy
open_in_new
Terms
open_in_new
help
Help
open_in_new








Main menu
Google apps"
Google,"Software Engineer III, Engineering Productivity, Google Ads — Google Careers",https://www.google.com/about/careers/applications/jobs/results/78568223699542726-software-engineer-iii-engineering-productivity-google-ads?degree=BACHELORS&q=Software%20Engineer&employment_type=FULL_TIME&sort_by=date&target_level=EARLY&target_level=MID&location=New%20York%2C%20NY%2C%20USA&page=1,2024-07-24 01:30,2024-07-24 01:30,2024-07-24 01:30,"Software Engineer III, Engineering Productivity, Google Ads — Google Careers






Careers
Careers
Skip to main content
Teams
Locations
Benefits
Jobs
Students
Your career
arrow_drop_down
Your career menu
Applications
Profile
Saved jobs
Job alerts
Sign in

Applications
Profile
Search jobs
Saved jobs
Job alerts
Teams
Locations
Benefits
Jobs
Students
Help
Send Feedback
job details
arrow_back
Back to jobs search
Jobs search results
34
  jobs matched
Field Sales Representative, Digital Assets, Google Cloud
New York, NY, USA
; Austin, TX, USA
; +3 more
; +2 more
Software Engineer III, Engineering Productivity, Google Ads
Mountain View, CA, USA
; New York, NY, USA
Senior Video Editing Software Engineer, Google Photos
Los Angeles, CA, USA
; New York, NY, USA
; +2 more
; +1 more
Product Manager I, Ads
Mountain View, CA, USA
; San Bruno, CA, USA
; +3 more
; +2 more
Technical Program Manager III, Software Engineering, Search
Mountain View, CA, USA
; New York, NY, USA
Brand Designer, Google Cloud, Marketing
San Francisco, CA, USA
; New York, NY, USA
; +2 more
; +1 more
Silicon Design Verification Engineer, Devices and Services
Mountain View, CA, USA
; Austin, TX, USA
; +2 more
; +1 more
Security Engineer, Cloud Vulnerability Research
New York, NY, USA
Security Researcher, Device Wireless Connectivity
Mountain View, CA, USA
; Kirkland, WA, USA
; +2 more
; +1 more
Field Sales Representative, Growth, Startups, Google Cloud
New York, NY, USA
Software Engineer III, Infrastructure, Google Ads
New York, NY, USA
Senior Developer Relations Engineer, Android, Passkeys Authentication
Mountain View, CA, USA
; Seattle, WA, USA
; +3 more
; +2 more
Product Manager II, Google Assistant
Mountain View, CA, USA
; New York, NY, USA
Interaction Designer, Google Photos
New York, NY, USA
Senior Software Engineer, Google Ads
Cambridge, MA, USA
; New York, NY, USA
Software Engineer II, Learning and Education
New York, NY, USA
Software Engineer III, Machine Learning, Google Ads
Mountain View, CA, USA
; Los Angeles, CA, USA
; +2 more
; +1 more
Software Engineer III, Google Ads
Mountain View, CA, USA
; Irvine, CA, USA
; +4 more
; +3 more
Senior Software Engineer, Generative AI, Google Cloud AI
Kirkland, WA, USA
; New York, NY, USA
; +2 more
; +1 more
Senior Software Engineer, Infrastructure, Google Cloud Storage
New York, NY, USA
1‑20 of 34
navigate_next
Follow Life at Google on
More about us
About us
open_in_new
Contact us
open_in_new
Press
open_in_new
Related Information
Investor relations
open_in_new
Blog
open_in_new
Equal Opportunity
Google is proud to be an equal opportunity and affirmative action employer. We are committed to building a workforce that is representative of the users we serve, creating a culture of belonging, and providing an equal employment opportunity regardless of race, creed, color, religion, gender, sexual orientation, gender identity/expression, national origin, disability, age, genetic information, veteran status, marital status, pregnancy or related condition (including breastfeeding), expecting or parents-to-be, criminal histories consistent with legal requirements, or any other basis protected by law. See also 
 Google's EEO Policy
, 
Know your rights: workplace discrimination is illegal
, 
Belonging at Google
, and 
How we hire
.
More about us
expand_more
Related information
expand_more
Equal opportunity
expand_more
Privacy
open_in_new
Applicant & Candidate Privacy
open_in_new
Terms
open_in_new
help
Help
open_in_new
arrow_back
Back to jobs search
Software Engineer III, Engineering Productivity, Google Ads
share
link
Copy link
email
Email a friend
corporate_fare
Google
place
Mountain View, CA, USA
; New York, NY, USA
bar_chart
Mid
Mid
Experience driving progress, solving problems, and mentoring more junior team members; deeper expertise and applied knowledge within relevant area.
Apply
share
link
Copy link
email
Email a friend
info_outline
X
Info Note: By applying to this position you will have an opportunity to share your preferred working location from the following: Mountain View, CA, USA; New York, NY, USA.
Note: By applying to this position you will have an opportunity to share your preferred working location from the following: 
Mountain View, CA, USA; New York, NY, USA
.
Minimum qualifications:
Bachelor’s degree or equivalent practical experience.
2 years of experience with software development in one or more programming languages, or 1 year of experience with an advanced degree in an industry setting. 
2 years of experience with data structures or algorithms in either an academic or industry setting. 
2 years of experience building developer tools that improve developer velocity, code quality and code health (e.g., compilers, automated releases, code design and testing, test automation frameworks). 
Preferred qualifications:
Master's degree or PhD in Computer Science or related technical fields.
2 years of experience with performance, large scale systems data analysis, visualization tools, and/or debugging. 
Experience developing accessible technologies. 
Proficiency in code and system health, diagnosis and resolution, and software test engineering. 
About the job
Google's software engineers develop the next-generation technologies that change how billions of users connect, explore, and interact with information and one another. Our products need to handle information at massive scale, and extend well beyond web search. We're looking for engineers who bring fresh ideas from all areas, including information retrieval, distributed computing, large-scale system design, networking and data storage, security, artificial intelligence, natural language processing, UI design and mobile; the list goes on and is growing every day. As a software engineer, you will work on a specific project critical to Google’s needs with opportunities to switch teams and projects as you and our fast-paced business grow and evolve. We need our engineers to be versatile, display leadership qualities and be enthusiastic to take on new problems across the full-stack as we continue to push technology forward.
With your technical expertise you will manage project priorities, deadlines, and deliverables. You will design, develop, test, deploy, maintain, and enhance software solutions.Google Ads is helping power the open internet with the best technology that connects and creates value for people, publishers, advertisers, and Google. We’re made up of multiple teams, building Google’s Advertising products including search, display, shopping, travel and video advertising, as well as analytics. Our teams create trusted experiences between people and businesses with useful ads. We help grow businesses of all sizes from small businesses, to large brands, to YouTube creators, with effective advertiser tools that deliver measurable results. We also enable Google to engage with customers at scale.
The US base salary range for this full-time position is $136,000-$200,000 + bonus + equity + benefits. Our salary ranges are determined by role, level, and location. The range displayed on each job posting reflects the minimum and maximum target for new hire salaries for the position across all US locations. Within the range, individual pay is determined by work location and additional factors, including job-related skills, experience, and relevant education or training. Your recruiter can share more about the specific salary range for your preferred location during the hiring process. 
Please note that the compensation details listed in US role postings reflect the base salary only, and do not include bonus, equity, or benefits. Learn more about 
benefits at Google
.
Responsibilities
Write product or system development code.
Participate in, or lead design reviews with peers and stakeholders to decide amongst available technologies.
Review code developed by other developers and provide feedback to ensure best practices (e.g., style guidelines, checking code in, accuracy, testability, and efficiency).
Contribute to existing documentation or educational content and adapt content based on product/program updates and user feedback.
Triage product or system issues and debug/track/resolve by analyzing the sources of issues and the impact on hardware, network, or service operations and quality.
Information collected and processed as part of your Google Careers profile, and any job applications you choose to submit is subject to Google's 
Applicant and Candidate Privacy Policy
.
Google is proud to be an equal opportunity and affirmative action employer. We are committed to building a workforce that is representative of the users we serve, creating a culture of belonging, and providing an equal employment opportunity regardless of race, creed, color, religion, gender, sexual orientation, gender identity/expression, national origin, disability, age, genetic information, veteran status, marital status, pregnancy or related condition (including breastfeeding), expecting or parents-to-be, criminal histories consistent with legal requirements, or any other basis protected by law. See also 
 Google's EEO Policy
, 
Know your rights: workplace discrimination is illegal
, 
Belonging at Google
, and 
How we hire
.
If you have a need that requires accommodation, please let us know by completing our 
Accommodations for Applicants form
.
Google is a global company and, in order to facilitate efficient collaboration and communication globally, English proficiency is a requirement for all roles unless stated otherwise in the job posting.
To all recruitment agencies: Google does not accept agency resumes. Please do not forward resumes to our jobs alias, Google employees, or any other organization location. Google is not responsible for any fees related to unsolicited resumes.
Follow Life at Google on
More about us
About us
open_in_new
Contact us
open_in_new
Press
open_in_new
Related Information
Investor relations
open_in_new
Blog
open_in_new
Equal Opportunity
Google is proud to be an equal opportunity and affirmative action employer. We are committed to building a workforce that is representative of the users we serve, creating a culture of belonging, and providing an equal employment opportunity regardless of race, creed, color, religion, gender, sexual orientation, gender identity/expression, national origin, disability, age, genetic information, veteran status, marital status, pregnancy or related condition (including breastfeeding), expecting or parents-to-be, criminal histories consistent with legal requirements, or any other basis protected by law. See also 
 Google's EEO Policy
, 
Know your rights: workplace discrimination is illegal
, 
Belonging at Google
, and 
How we hire
.
More about us
expand_more
Related information
expand_more
Equal opportunity
expand_more
Privacy
open_in_new
Applicant & Candidate Privacy
open_in_new
Terms
open_in_new
help
Help
open_in_new

Follow Life at Google on
More about us
About us
open_in_new
Contact us
open_in_new
Press
open_in_new
Related Information
Investor relations
open_in_new
Blog
open_in_new
Equal Opportunity
Google is proud to be an equal opportunity and affirmative action employer. We are committed to building a workforce that is representative of the users we serve, creating a culture of belonging, and providing an equal employment opportunity regardless of race, creed, color, religion, gender, sexual orientation, gender identity/expression, national origin, disability, age, genetic information, veteran status, marital status, pregnancy or related condition (including breastfeeding), expecting or parents-to-be, criminal histories consistent with legal requirements, or any other basis protected by law. See also 
 Google's EEO Policy
, 
Know your rights: workplace discrimination is illegal
, 
Belonging at Google
, and 
How we hire
.
More about us
expand_more
Related information
expand_more
Equal opportunity
expand_more
Privacy
open_in_new
Applicant & Candidate Privacy
open_in_new
Terms
open_in_new
help
Help
open_in_new








Google apps
Main menu"
Google,"Senior Video Editing Software Engineer, Google Photos — Google Careers",https://www.google.com/about/careers/applications/jobs/results/139411215947309766-senior-video-editing-software-engineer-google-photos?degree=BACHELORS&q=Software%20Engineer&employment_type=FULL_TIME&sort_by=date&target_level=EARLY&target_level=MID&location=New%20York%2C%20NY%2C%20USA&page=1,2024-07-24 01:30,2024-07-24 01:30,2024-07-24 01:30,"Senior Video Editing Software Engineer, Google Photos — Google Careers






Careers
Careers
Skip to main content
Teams
Locations
Benefits
Jobs
Students
Your career
arrow_drop_down
Your career menu
Applications
Profile
Saved jobs
Job alerts
Sign in

Applications
Profile
Search jobs
Saved jobs
Job alerts
Teams
Locations
Benefits
Jobs
Students
Help
Send Feedback
job details
arrow_back
Back to jobs search
Jobs search results
34
  jobs matched
Field Sales Representative, Digital Assets, Google Cloud
New York, NY, USA
; Austin, TX, USA
; +3 more
; +2 more
Software Engineer III, Engineering Productivity, Google Ads
Mountain View, CA, USA
; New York, NY, USA
Senior Video Editing Software Engineer, Google Photos
Los Angeles, CA, USA
; New York, NY, USA
; +2 more
; +1 more
Product Manager I, Ads
Mountain View, CA, USA
; San Bruno, CA, USA
; +3 more
; +2 more
Technical Program Manager III, Software Engineering, Search
Mountain View, CA, USA
; New York, NY, USA
Brand Designer, Google Cloud, Marketing
San Francisco, CA, USA
; New York, NY, USA
; +2 more
; +1 more
Silicon Design Verification Engineer, Devices and Services
Mountain View, CA, USA
; Austin, TX, USA
; +2 more
; +1 more
Security Engineer, Cloud Vulnerability Research
New York, NY, USA
Security Researcher, Device Wireless Connectivity
Mountain View, CA, USA
; Kirkland, WA, USA
; +2 more
; +1 more
Field Sales Representative, Growth, Startups, Google Cloud
New York, NY, USA
Software Engineer III, Infrastructure, Google Ads
New York, NY, USA
Senior Developer Relations Engineer, Android, Passkeys Authentication
Mountain View, CA, USA
; Seattle, WA, USA
; +3 more
; +2 more
Product Manager II, Google Assistant
Mountain View, CA, USA
; New York, NY, USA
Interaction Designer, Google Photos
New York, NY, USA
Senior Software Engineer, Google Ads
Cambridge, MA, USA
; New York, NY, USA
Software Engineer II, Learning and Education
New York, NY, USA
Software Engineer III, Machine Learning, Google Ads
Mountain View, CA, USA
; Los Angeles, CA, USA
; +2 more
; +1 more
Software Engineer III, Google Ads
Mountain View, CA, USA
; Irvine, CA, USA
; +4 more
; +3 more
Senior Software Engineer, Generative AI, Google Cloud AI
Kirkland, WA, USA
; New York, NY, USA
; +2 more
; +1 more
Senior Software Engineer, Infrastructure, Google Cloud Storage
New York, NY, USA
1‑20 of 34
navigate_next
Follow Life at Google on
More about us
About us
open_in_new
Contact us
open_in_new
Press
open_in_new
Related Information
Investor relations
open_in_new
Blog
open_in_new
Equal Opportunity
Google is proud to be an equal opportunity and affirmative action employer. We are committed to building a workforce that is representative of the users we serve, creating a culture of belonging, and providing an equal employment opportunity regardless of race, creed, color, religion, gender, sexual orientation, gender identity/expression, national origin, disability, age, genetic information, veteran status, marital status, pregnancy or related condition (including breastfeeding), expecting or parents-to-be, criminal histories consistent with legal requirements, or any other basis protected by law. See also 
 Google's EEO Policy
, 
Know your rights: workplace discrimination is illegal
, 
Belonging at Google
, and 
How we hire
.
More about us
expand_more
Related information
expand_more
Equal opportunity
expand_more
Privacy
open_in_new
Applicant & Candidate Privacy
open_in_new
Terms
open_in_new
help
Help
open_in_new
arrow_back
Back to jobs search
Senior Video Editing Software Engineer, Google Photos
share
link
Copy link
email
Email a friend
corporate_fare
Google
place
Los Angeles, CA, USA
; New York, NY, USA
; +2 more
; +1 more
bar_chart
Mid
Mid
Experience driving progress, solving problems, and mentoring more junior team members; deeper expertise and applied knowledge within relevant area.
Apply
share
link
Copy link
email
Email a friend
info_outline
X
Info Note: By applying to this position you will have an opportunity to share your preferred working location from the following: Los Angeles, CA, USA; New York, NY, USA; Mountain View, CA, USA.
Note: By applying to this position you will have an opportunity to share your preferred working location from the following: 
Los Angeles, CA, USA; New York, NY, USA; Mountain View, CA, USA
.
Minimum qualifications:
Bachelor’s degree or equivalent practical experience.
5 years of experience with software development in one or more programming languages, and with data structures/algorithms.
3 years of experience with Android application development.
3 years of experience testing, maintaining, or launching software products, and 1 year of experience with application design and architecture.
Experience in developing video editing or video processing tools.
Preferred qualifications:
Master's degree or PhD in Computer Science or a related technical field.
5 years of experience in developing video processing tools, machine learning-based video processing, or computational photography.
Experience developing accessible technologies.
Experience working with AndroidMedia, MediaPipe, and OpenGL.
Knowledge and experience in graphics and imaging.
About the job
Google's software engineers develop the next-generation technologies that change how billions of users connect, explore, and interact with information and one another. Our products need to handle information at massive scale, and extend well beyond web search. We're looking for engineers who bring fresh ideas from all areas, including information retrieval, distributed computing, large-scale system design, networking and data storage, security, artificial intelligence, natural language processing, UI design and mobile; the list goes on and is growing every day. As a software engineer, you will work on a specific project critical to Google’s needs with opportunities to switch teams and projects as you and our fast-paced business grow and evolve. We need our engineers to be versatile, display leadership qualities and be enthusiastic to take on new problems across the full-stack as we continue to push technology forward.
With your technical expertise you will manage project priorities, deadlines, and deliverables. You will design, develop, test, deploy, maintain, and enhance software solutions.
Join our Google Photos Creative Expression team and leverage your expertise in video processing, optimization, and editing to build the future of video creation.
In this role, you'll collaborate with cross-functional teams, including the Perception and Creative Camera teams, using video understanding to enable experiences, from video capture to post-capture that result in an amazing, innovative, and intuitive video editing experience for users.
Google Photos is a photo sharing and storage service developed by Google. Photos is one of the most sought after products at Google and is looking for both client-side (web and mobile), with server-side (search, storage, serving) and machine intelligence (learning, computer vision) Software Engineers. We are dedicated to making Google experiences centered around the user.
The US base salary range for this full-time position is $161,000-$239,000 + bonus + equity + benefits. Our salary ranges are determined by role, level, and location. The range displayed on each job posting reflects the minimum and maximum target salaries for the position across all US locations. Within the range, individual pay is determined by work location and additional factors, including job-related skills, experience, and relevant education or training. Your recruiter can share more about the specific salary range for your preferred location during the hiring process.
Please note that the compensation details listed in US role postings reflect the base salary only, and do not include bonus, equity, or benefits. Learn more about benefits at Google.
Responsibilities
Write and test product or system development code.
Participate in, or lead design reviews with peers and stakeholders to decide amongst available technologies.
Review code developed by other developers and provide feedback to ensure best practices (e.g., style guidelines, checking code in, accuracy, testability, and efficiency).
Contribute to existing documentation or educational content and adapt content based on product/program updates and user feedback.
Triage product or system issues and debug/track/resolve by analyzing the sources of issues and the impact on hardware, network, or service operations and quality.
Information collected and processed as part of your Google Careers profile, and any job applications you choose to submit is subject to Google's 
Applicant and Candidate Privacy Policy
.
Google is proud to be an equal opportunity and affirmative action employer. We are committed to building a workforce that is representative of the users we serve, creating a culture of belonging, and providing an equal employment opportunity regardless of race, creed, color, religion, gender, sexual orientation, gender identity/expression, national origin, disability, age, genetic information, veteran status, marital status, pregnancy or related condition (including breastfeeding), expecting or parents-to-be, criminal histories consistent with legal requirements, or any other basis protected by law. See also 
 Google's EEO Policy
, 
Know your rights: workplace discrimination is illegal
, 
Belonging at Google
, and 
How we hire
.
If you have a need that requires accommodation, please let us know by completing our 
Accommodations for Applicants form
.
Google is a global company and, in order to facilitate efficient collaboration and communication globally, English proficiency is a requirement for all roles unless stated otherwise in the job posting.
To all recruitment agencies: Google does not accept agency resumes. Please do not forward resumes to our jobs alias, Google employees, or any other organization location. Google is not responsible for any fees related to unsolicited resumes.
Follow Life at Google on
More about us
About us
open_in_new
Contact us
open_in_new
Press
open_in_new
Related Information
Investor relations
open_in_new
Blog
open_in_new
Equal Opportunity
Google is proud to be an equal opportunity and affirmative action employer. We are committed to building a workforce that is representative of the users we serve, creating a culture of belonging, and providing an equal employment opportunity regardless of race, creed, color, religion, gender, sexual orientation, gender identity/expression, national origin, disability, age, genetic information, veteran status, marital status, pregnancy or related condition (including breastfeeding), expecting or parents-to-be, criminal histories consistent with legal requirements, or any other basis protected by law. See also 
 Google's EEO Policy
, 
Know your rights: workplace discrimination is illegal
, 
Belonging at Google
, and 
How we hire
.
More about us
expand_more
Related information
expand_more
Equal opportunity
expand_more
Privacy
open_in_new
Applicant & Candidate Privacy
open_in_new
Terms
open_in_new
help
Help
open_in_new

Follow Life at Google on
More about us
About us
open_in_new
Contact us
open_in_new
Press
open_in_new
Related Information
Investor relations
open_in_new
Blog
open_in_new
Equal Opportunity
Google is proud to be an equal opportunity and affirmative action employer. We are committed to building a workforce that is representative of the users we serve, creating a culture of belonging, and providing an equal employment opportunity regardless of race, creed, color, religion, gender, sexual orientation, gender identity/expression, national origin, disability, age, genetic information, veteran status, marital status, pregnancy or related condition (including breastfeeding), expecting or parents-to-be, criminal histories consistent with legal requirements, or any other basis protected by law. See also 
 Google's EEO Policy
, 
Know your rights: workplace discrimination is illegal
, 
Belonging at Google
, and 
How we hire
.
More about us
expand_more
Related information
expand_more
Equal opportunity
expand_more
Privacy
open_in_new
Applicant & Candidate Privacy
open_in_new
Terms
open_in_new
help
Help
open_in_new








Main menu
Google apps"
Google,"Product Manager I, Ads — Google Careers",https://www.google.com/about/careers/applications/jobs/results/111647177586942662-product-manager-i-ads?degree=BACHELORS&q=Software%20Engineer&employment_type=FULL_TIME&sort_by=date&target_level=EARLY&target_level=MID&location=New%20York%2C%20NY%2C%20USA&page=1,2024-07-24 01:30,2024-07-24 01:30,2024-07-24 01:30,"Product Manager I, Ads — Google Careers






Careers
Careers
Skip to main content
Teams
Locations
Benefits
Jobs
Students
Your career
arrow_drop_down
Your career menu
Applications
Profile
Saved jobs
Job alerts
Sign in

Applications
Profile
Search jobs
Saved jobs
Job alerts
Teams
Locations
Benefits
Jobs
Students
Help
Send Feedback
job details
arrow_back
Back to jobs search
Jobs search results
34
  jobs matched
Field Sales Representative, Digital Assets, Google Cloud
New York, NY, USA
; Austin, TX, USA
; +3 more
; +2 more
Software Engineer III, Engineering Productivity, Google Ads
Mountain View, CA, USA
; New York, NY, USA
Senior Video Editing Software Engineer, Google Photos
Los Angeles, CA, USA
; New York, NY, USA
; +2 more
; +1 more
Product Manager I, Ads
Mountain View, CA, USA
; San Bruno, CA, USA
; +3 more
; +2 more
Technical Program Manager III, Software Engineering, Search
Mountain View, CA, USA
; New York, NY, USA
Brand Designer, Google Cloud, Marketing
San Francisco, CA, USA
; New York, NY, USA
; +2 more
; +1 more
Silicon Design Verification Engineer, Devices and Services
Mountain View, CA, USA
; Austin, TX, USA
; +2 more
; +1 more
Security Engineer, Cloud Vulnerability Research
New York, NY, USA
Security Researcher, Device Wireless Connectivity
Mountain View, CA, USA
; Kirkland, WA, USA
; +2 more
; +1 more
Field Sales Representative, Growth, Startups, Google Cloud
New York, NY, USA
Software Engineer III, Infrastructure, Google Ads
New York, NY, USA
Senior Developer Relations Engineer, Android, Passkeys Authentication
Mountain View, CA, USA
; Seattle, WA, USA
; +3 more
; +2 more
Product Manager II, Google Assistant
Mountain View, CA, USA
; New York, NY, USA
Interaction Designer, Google Photos
New York, NY, USA
Senior Software Engineer, Google Ads
Cambridge, MA, USA
; New York, NY, USA
Software Engineer II, Learning and Education
New York, NY, USA
Software Engineer III, Machine Learning, Google Ads
Mountain View, CA, USA
; Los Angeles, CA, USA
; +2 more
; +1 more
Software Engineer III, Google Ads
Mountain View, CA, USA
; Irvine, CA, USA
; +4 more
; +3 more
Senior Software Engineer, Generative AI, Google Cloud AI
Kirkland, WA, USA
; New York, NY, USA
; +2 more
; +1 more
Senior Software Engineer, Infrastructure, Google Cloud Storage
New York, NY, USA
1‑20 of 34
navigate_next
Follow Life at Google on
More about us
About us
open_in_new
Contact us
open_in_new
Press
open_in_new
Related Information
Investor relations
open_in_new
Blog
open_in_new
Equal Opportunity
Google is proud to be an equal opportunity and affirmative action employer. We are committed to building a workforce that is representative of the users we serve, creating a culture of belonging, and providing an equal employment opportunity regardless of race, creed, color, religion, gender, sexual orientation, gender identity/expression, national origin, disability, age, genetic information, veteran status, marital status, pregnancy or related condition (including breastfeeding), expecting or parents-to-be, criminal histories consistent with legal requirements, or any other basis protected by law. See also 
 Google's EEO Policy
, 
Know your rights: workplace discrimination is illegal
, 
Belonging at Google
, and 
How we hire
.
More about us
expand_more
Related information
expand_more
Equal opportunity
expand_more
Privacy
open_in_new
Applicant & Candidate Privacy
open_in_new
Terms
open_in_new
help
Help
open_in_new
arrow_back
Back to jobs search
Product Manager I, Ads
share
link
Copy link
email
Email a friend
corporate_fare
Google
place
Mountain View, CA, USA
; San Bruno, CA, USA
; +3 more
; +2 more
bar_chart
Mid
Mid
Experience driving progress, solving problems, and mentoring more junior team members; deeper expertise and applied knowledge within relevant area.
Apply
share
link
Copy link
email
Email a friend
info_outline
X
Info Note: By applying to this position you will have an opportunity to share your preferred working location from the following: Mountain View, CA, USA; San Bruno, CA, USA; New York, NY, USA; San Francisco, CA, USA.
Note: By applying to this position you will have an opportunity to share your preferred working location from the following: 
Mountain View, CA, USA; San Bruno, CA, USA; New York, NY, USA; San Francisco, CA, USA
.
Minimum qualifications:
Bachelor's degree or equivalent practical experience. 
3 years of experience in product management or related technical role.
1 year of experience taking technical products from conception to launch.
Preferred qualifications:
Master’s degree or PhD in a technology or business related field.
2 years of experience in a business function or role (e.g., strategic marketing, business operations, consulting).
2 years of experience in a role preparing and delivering technical presentations to senior leadership.
2 years of experience working cross-functionally with engineering, UX/UI, sales finance, and other stakeholders.
1 year of experience in software development or engineering. 
Knowledge of, or continued interest in building accessibility best practices, and experience/curiosity for incorporating inclusion and accessibility into product development methodologies.
About the job
At Google, we put our users first. The world is always changing, so we need Product Managers who are continuously adapting and excited to work on products that affect millions of people every day. 
In this role, you will work cross-functionally to guide products from conception to launch by connecting the technical and business worlds. You can break down complex problems into steps that drive product development.
One of the many reasons Google consistently brings innovative, world-changing products to market is because of the collaborative work we do in Product Management. Our team works closely with creative engineers, designers, marketers, etc. to help design and develop technologies that improve access to the world's information.  We're responsible for guiding products throughout the execution cycle, focusing specifically on analyzing, positioning, packaging, promoting, and tailoring our solutions to our users.
As a Product Manager for Google Ads, you will helps businesses that desire to have search, display, and video campaigns on Google and its advertising network, playing a critical role in Google's overall mission: helping to sustain a diversity of content and perspectives on the web, and helping to keep the web universally accessible and free, as opposed to hidden behind paywalls. You will be constantly exploring, developing, and applying state-of-the art technologies to help publishers generate business via their content, and advertisers acquire engaged users.
Google Ads is helping power the open internet with the best technology that connects and creates value for people, publishers, advertisers, and Google. We’re made up of multiple teams, building Google’s Advertising products including search, display, shopping, travel and video advertising, as well as analytics. Our teams create trusted experiences between people and businesses with useful ads. We help grow businesses of all sizes from small businesses, to large brands, to YouTube creators, with effective advertiser tools that deliver measurable results. We also enable Google to engage with customers at scale. 
The US base salary range for this full-time position is $122,000-$178,000 + bonus + equity + benefits. Our salary ranges are determined by role, level, and location. The range displayed on each job posting reflects the minimum and maximum target salaries for the position across all US locations. Within the range, individual pay is determined by work location and additional factors, including job-related skills, experience, and relevant education or training. Your recruiter can share more about the specific salary range for your preferred location during the hiring process.
Please note that the compensation details listed in US role postings reflect the base salary only, and do not include bonus, equity, or benefits. Learn more about 
benefits at Google
.
Responsibilities
Understand markets, competition, and user requirements in depth. 
Launch new products and features, test their performance, and iterate quickly. 
Work collaboratively with engineering, marketing, legal, UX, and other teams on cutting edge technologies. 
Develop solutions to problems by collaborating as needed across regions, product areas, and functions.
Information collected and processed as part of your Google Careers profile, and any job applications you choose to submit is subject to Google's 
Applicant and Candidate Privacy Policy
.
Google is proud to be an equal opportunity and affirmative action employer. We are committed to building a workforce that is representative of the users we serve, creating a culture of belonging, and providing an equal employment opportunity regardless of race, creed, color, religion, gender, sexual orientation, gender identity/expression, national origin, disability, age, genetic information, veteran status, marital status, pregnancy or related condition (including breastfeeding), expecting or parents-to-be, criminal histories consistent with legal requirements, or any other basis protected by law. See also 
 Google's EEO Policy
, 
Know your rights: workplace discrimination is illegal
, 
Belonging at Google
, and 
How we hire
.
If you have a need that requires accommodation, please let us know by completing our 
Accommodations for Applicants form
.
Google is a global company and, in order to facilitate efficient collaboration and communication globally, English proficiency is a requirement for all roles unless stated otherwise in the job posting.
To all recruitment agencies: Google does not accept agency resumes. Please do not forward resumes to our jobs alias, Google employees, or any other organization location. Google is not responsible for any fees related to unsolicited resumes.
Follow Life at Google on
More about us
About us
open_in_new
Contact us
open_in_new
Press
open_in_new
Related Information
Investor relations
open_in_new
Blog
open_in_new
Equal Opportunity
Google is proud to be an equal opportunity and affirmative action employer. We are committed to building a workforce that is representative of the users we serve, creating a culture of belonging, and providing an equal employment opportunity regardless of race, creed, color, religion, gender, sexual orientation, gender identity/expression, national origin, disability, age, genetic information, veteran status, marital status, pregnancy or related condition (including breastfeeding), expecting or parents-to-be, criminal histories consistent with legal requirements, or any other basis protected by law. See also 
 Google's EEO Policy
, 
Know your rights: workplace discrimination is illegal
, 
Belonging at Google
, and 
How we hire
.
More about us
expand_more
Related information
expand_more
Equal opportunity
expand_more
Privacy
open_in_new
Applicant & Candidate Privacy
open_in_new
Terms
open_in_new
help
Help
open_in_new

Follow Life at Google on
More about us
About us
open_in_new
Contact us
open_in_new
Press
open_in_new
Related Information
Investor relations
open_in_new
Blog
open_in_new
Equal Opportunity
Google is proud to be an equal opportunity and affirmative action employer. We are committed to building a workforce that is representative of the users we serve, creating a culture of belonging, and providing an equal employment opportunity regardless of race, creed, color, religion, gender, sexual orientation, gender identity/expression, national origin, disability, age, genetic information, veteran status, marital status, pregnancy or related condition (including breastfeeding), expecting or parents-to-be, criminal histories consistent with legal requirements, or any other basis protected by law. See also 
 Google's EEO Policy
, 
Know your rights: workplace discrimination is illegal
, 
Belonging at Google
, and 
How we hire
.
More about us
expand_more
Related information
expand_more
Equal opportunity
expand_more
Privacy
open_in_new
Applicant & Candidate Privacy
open_in_new
Terms
open_in_new
help
Help
open_in_new








Google apps
Main menu"
Google,"Technical Program Manager III, Software Engineering, Search — Google Careers",https://www.google.com/about/careers/applications/jobs/results/140160937385435846-technical-program-manager-iii-software-engineering-search?degree=BACHELORS&q=Software%20Engineer&employment_type=FULL_TIME&sort_by=date&target_level=EARLY&target_level=MID&location=New%20York%2C%20NY%2C%20USA&page=1,2024-07-24 01:30,2024-07-24 01:30,2024-07-24 01:30,"Technical Program Manager III, Software Engineering, Search — Google Careers






Careers
Careers
Skip to main content
Teams
Locations
Benefits
Jobs
Students
Your career
arrow_drop_down
Your career menu
Applications
Profile
Saved jobs
Job alerts
Sign in

Applications
Profile
Search jobs
Saved jobs
Job alerts
Teams
Locations
Benefits
Jobs
Students
Help
Send Feedback
job details
arrow_back
Back to jobs search
Jobs search results
34
  jobs matched
Field Sales Representative, Digital Assets, Google Cloud
New York, NY, USA
; Austin, TX, USA
; +3 more
; +2 more
Software Engineer III, Engineering Productivity, Google Ads
Mountain View, CA, USA
; New York, NY, USA
Senior Video Editing Software Engineer, Google Photos
Los Angeles, CA, USA
; New York, NY, USA
; +2 more
; +1 more
Product Manager I, Ads
Mountain View, CA, USA
; San Bruno, CA, USA
; +3 more
; +2 more
Technical Program Manager III, Software Engineering, Search
Mountain View, CA, USA
; New York, NY, USA
Brand Designer, Google Cloud, Marketing
San Francisco, CA, USA
; New York, NY, USA
; +2 more
; +1 more
Silicon Design Verification Engineer, Devices and Services
Mountain View, CA, USA
; Austin, TX, USA
; +2 more
; +1 more
Security Engineer, Cloud Vulnerability Research
New York, NY, USA
Security Researcher, Device Wireless Connectivity
Mountain View, CA, USA
; Kirkland, WA, USA
; +2 more
; +1 more
Field Sales Representative, Growth, Startups, Google Cloud
New York, NY, USA
Software Engineer III, Infrastructure, Google Ads
New York, NY, USA
Senior Developer Relations Engineer, Android, Passkeys Authentication
Mountain View, CA, USA
; Seattle, WA, USA
; +3 more
; +2 more
Product Manager II, Google Assistant
Mountain View, CA, USA
; New York, NY, USA
Interaction Designer, Google Photos
New York, NY, USA
Senior Software Engineer, Google Ads
Cambridge, MA, USA
; New York, NY, USA
Software Engineer II, Learning and Education
New York, NY, USA
Software Engineer III, Machine Learning, Google Ads
Mountain View, CA, USA
; Los Angeles, CA, USA
; +2 more
; +1 more
Software Engineer III, Google Ads
Mountain View, CA, USA
; Irvine, CA, USA
; +4 more
; +3 more
Senior Software Engineer, Generative AI, Google Cloud AI
Kirkland, WA, USA
; New York, NY, USA
; +2 more
; +1 more
Senior Software Engineer, Infrastructure, Google Cloud Storage
New York, NY, USA
1‑20 of 34
navigate_next
Follow Life at Google on
More about us
About us
open_in_new
Contact us
open_in_new
Press
open_in_new
Related Information
Investor relations
open_in_new
Blog
open_in_new
Equal Opportunity
Google is proud to be an equal opportunity and affirmative action employer. We are committed to building a workforce that is representative of the users we serve, creating a culture of belonging, and providing an equal employment opportunity regardless of race, creed, color, religion, gender, sexual orientation, gender identity/expression, national origin, disability, age, genetic information, veteran status, marital status, pregnancy or related condition (including breastfeeding), expecting or parents-to-be, criminal histories consistent with legal requirements, or any other basis protected by law. See also 
 Google's EEO Policy
, 
Know your rights: workplace discrimination is illegal
, 
Belonging at Google
, and 
How we hire
.
More about us
expand_more
Related information
expand_more
Equal opportunity
expand_more
Privacy
open_in_new
Applicant & Candidate Privacy
open_in_new
Terms
open_in_new
help
Help
open_in_new
arrow_back
Back to jobs search
Technical Program Manager III, Software Engineering, Search
share
link
Copy link
email
Email a friend
corporate_fare
Google
place
Mountain View, CA, USA
; New York, NY, USA
bar_chart
Mid
Mid
Experience driving progress, solving problems, and mentoring more junior team members; deeper expertise and applied knowledge within relevant area.
Apply
share
link
Copy link
email
Email a friend
info_outline
X
Info Note: By applying to this position you will have an opportunity to share your preferred working location from the following: Mountain View, CA, USA; New York, NY, USA.
Note: By applying to this position you will have an opportunity to share your preferred working location from the following: 
Mountain View, CA, USA; New York, NY, USA
.
Minimum qualifications:
Bachelor's degree in a relevant field or equivalent practical experience.
5 years of experience in program management.
Experience with software development and managing execution of programs that span multiple engineering teams.
Preferred qualifications:
5 years of experience managing cross-functional and/or cross-team projects.

Experience with consumer facing products.
Experience with lifecycle management in a fast-paced software environment.
Ability to use technical judgment to solve software engineering challenges involving bug triage, source control, continuous integration, etc.
Ability to be influential on a highly integrated team of technical and non-technical members.
About the job
A problem isn’t truly solved until it’s solved for all. That’s why Googlers build products that help create opportunities for everyone, whether down the street or across the globe. As a Technical Program Manager at Google, you’ll use your technical expertise to lead complex, multi-disciplinary projects from start to finish. You’ll work with stakeholders to plan requirements, identify risks, manage project schedules, and communicate clearly with cross-functional partners across the company. You're equally comfortable explaining your team's analyses and recommendations to executives as you are discussing the technical tradeoffs in product development with engineers.
Our goal is to build a Google that looks like the world around us — and we want Googlers to stay and grow when they join us. As part of our efforts to build a Google for everyone, we build diversity, equity, and inclusion into our work and we aim to cultivate a sense of belonging throughout the company.
As a Technical Program Manager at Google, you lead complex, multi-disciplinary engineering projects using your engineering expertise. You plan requirements with internal customers and usher projects through the entire project lifecycle. You're equally at home explaining your team's analyses and recommendations to executives as you are discussing the technical trade-offs in product development with engineers.

Using your extensive technical and leadership expertise, you manage projects of various size and scope, identifying future opportunities, improving processes and driving the technical directions of your programs.

In Google Search, we're reimagining what it means to search for information – any way and anywhere. To do that, we need to solve complex engineering challenges and expand our infrastructure, while maintaining a universally accessible and useful experience that people around the world rely on. In joining the Search team, you'll have an opportunity to make an impact on billions of people globally.
The US base salary range for this full-time position is $142,000-$211,000 + bonus + equity + benefits. Our salary ranges are determined by role, level, and location. The range displayed on each job posting reflects the minimum and maximum target salaries for the position across all US locations. Within the range, individual pay is determined by work location and additional factors, including job-related skills, experience, and relevant education or training. Your recruiter can share more about the specific salary range for your preferred location during the hiring process. 
Please note that the compensation details listed in US role postings reflect the base salary only, and do not include bonus, equity, or benefits. Learn more about 
benefits at Google
.
Responsibilities
Collaborate with team members and stakeholders to understand or identify defined work problems and program goals, obtain prioritized deliverables, and discuss program impact.
Prioritize program goals, understand and translate other stakeholders’ needs into program goals and prioritized deliverables with minimal assistance, and contribute to decisions on prioritizing goals and deliverables.

Define the scope of projects and develop, execute, and/or manage project plans for supported program(s).
Review key metrics pertaining to a program, monitor potential metric deviations, and define corrective actions for critical deviations.
Identify, communicate, and collaborate with relevant stakeholders within one or more teams to drive impact and work toward mutual goals.
Information collected and processed as part of your Google Careers profile, and any job applications you choose to submit is subject to Google's 
Applicant and Candidate Privacy Policy
.
Google is proud to be an equal opportunity and affirmative action employer. We are committed to building a workforce that is representative of the users we serve, creating a culture of belonging, and providing an equal employment opportunity regardless of race, creed, color, religion, gender, sexual orientation, gender identity/expression, national origin, disability, age, genetic information, veteran status, marital status, pregnancy or related condition (including breastfeeding), expecting or parents-to-be, criminal histories consistent with legal requirements, or any other basis protected by law. See also 
 Google's EEO Policy
, 
Know your rights: workplace discrimination is illegal
, 
Belonging at Google
, and 
How we hire
.
If you have a need that requires accommodation, please let us know by completing our 
Accommodations for Applicants form
.
Google is a global company and, in order to facilitate efficient collaboration and communication globally, English proficiency is a requirement for all roles unless stated otherwise in the job posting.
To all recruitment agencies: Google does not accept agency resumes. Please do not forward resumes to our jobs alias, Google employees, or any other organization location. Google is not responsible for any fees related to unsolicited resumes.
Follow Life at Google on
More about us
About us
open_in_new
Contact us
open_in_new
Press
open_in_new
Related Information
Investor relations
open_in_new
Blog
open_in_new
Equal Opportunity
Google is proud to be an equal opportunity and affirmative action employer. We are committed to building a workforce that is representative of the users we serve, creating a culture of belonging, and providing an equal employment opportunity regardless of race, creed, color, religion, gender, sexual orientation, gender identity/expression, national origin, disability, age, genetic information, veteran status, marital status, pregnancy or related condition (including breastfeeding), expecting or parents-to-be, criminal histories consistent with legal requirements, or any other basis protected by law. See also 
 Google's EEO Policy
, 
Know your rights: workplace discrimination is illegal
, 
Belonging at Google
, and 
How we hire
.
More about us
expand_more
Related information
expand_more
Equal opportunity
expand_more
Privacy
open_in_new
Applicant & Candidate Privacy
open_in_new
Terms
open_in_new
help
Help
open_in_new

Follow Life at Google on
More about us
About us
open_in_new
Contact us
open_in_new
Press
open_in_new
Related Information
Investor relations
open_in_new
Blog
open_in_new
Equal Opportunity
Google is proud to be an equal opportunity and affirmative action employer. We are committed to building a workforce that is representative of the users we serve, creating a culture of belonging, and providing an equal employment opportunity regardless of race, creed, color, religion, gender, sexual orientation, gender identity/expression, national origin, disability, age, genetic information, veteran status, marital status, pregnancy or related condition (including breastfeeding), expecting or parents-to-be, criminal histories consistent with legal requirements, or any other basis protected by law. See also 
 Google's EEO Policy
, 
Know your rights: workplace discrimination is illegal
, 
Belonging at Google
, and 
How we hire
.
More about us
expand_more
Related information
expand_more
Equal opportunity
expand_more
Privacy
open_in_new
Applicant & Candidate Privacy
open_in_new
Terms
open_in_new
help
Help
open_in_new








Main menu
Google apps"
Google,"Brand Designer, Google Cloud, Marketing — Google Careers",https://www.google.com/about/careers/applications/jobs/results/106166236877857478-brand-designer-google-cloud-marketing?degree=BACHELORS&q=Software%20Engineer&employment_type=FULL_TIME&sort_by=date&target_level=EARLY&target_level=MID&location=New%20York%2C%20NY%2C%20USA&page=1,2024-07-24 01:30,2024-07-24 01:30,2024-07-24 01:30,"Brand Designer, Google Cloud, Marketing — Google Careers






Careers
Careers
Skip to main content
Teams
Locations
Benefits
Jobs
Students
Your career
arrow_drop_down
Your career menu
Applications
Profile
Saved jobs
Job alerts
Sign in

Applications
Profile
Search jobs
Saved jobs
Job alerts
Teams
Locations
Benefits
Jobs
Students
Help
Send Feedback
job details
arrow_back
Back to jobs search
Jobs search results
34
  jobs matched
Field Sales Representative, Digital Assets, Google Cloud
New York, NY, USA
; Austin, TX, USA
; +3 more
; +2 more
Software Engineer III, Engineering Productivity, Google Ads
Mountain View, CA, USA
; New York, NY, USA
Senior Video Editing Software Engineer, Google Photos
Los Angeles, CA, USA
; New York, NY, USA
; +2 more
; +1 more
Product Manager I, Ads
Mountain View, CA, USA
; San Bruno, CA, USA
; +3 more
; +2 more
Technical Program Manager III, Software Engineering, Search
Mountain View, CA, USA
; New York, NY, USA
Brand Designer, Google Cloud, Marketing
San Francisco, CA, USA
; New York, NY, USA
; +2 more
; +1 more
Silicon Design Verification Engineer, Devices and Services
Mountain View, CA, USA
; Austin, TX, USA
; +2 more
; +1 more
Security Engineer, Cloud Vulnerability Research
New York, NY, USA
Security Researcher, Device Wireless Connectivity
Mountain View, CA, USA
; Kirkland, WA, USA
; +2 more
; +1 more
Field Sales Representative, Growth, Startups, Google Cloud
New York, NY, USA
Software Engineer III, Infrastructure, Google Ads
New York, NY, USA
Senior Developer Relations Engineer, Android, Passkeys Authentication
Mountain View, CA, USA
; Seattle, WA, USA
; +3 more
; +2 more
Product Manager II, Google Assistant
Mountain View, CA, USA
; New York, NY, USA
Interaction Designer, Google Photos
New York, NY, USA
Senior Software Engineer, Google Ads
Cambridge, MA, USA
; New York, NY, USA
Software Engineer II, Learning and Education
New York, NY, USA
Software Engineer III, Machine Learning, Google Ads
Mountain View, CA, USA
; Los Angeles, CA, USA
; +2 more
; +1 more
Software Engineer III, Google Ads
Mountain View, CA, USA
; Irvine, CA, USA
; +4 more
; +3 more
Senior Software Engineer, Generative AI, Google Cloud AI
Kirkland, WA, USA
; New York, NY, USA
; +2 more
; +1 more
Senior Software Engineer, Infrastructure, Google Cloud Storage
New York, NY, USA
1‑20 of 34
navigate_next
Follow Life at Google on
More about us
About us
open_in_new
Contact us
open_in_new
Press
open_in_new
Related Information
Investor relations
open_in_new
Blog
open_in_new
Equal Opportunity
Google is proud to be an equal opportunity and affirmative action employer. We are committed to building a workforce that is representative of the users we serve, creating a culture of belonging, and providing an equal employment opportunity regardless of race, creed, color, religion, gender, sexual orientation, gender identity/expression, national origin, disability, age, genetic information, veteran status, marital status, pregnancy or related condition (including breastfeeding), expecting or parents-to-be, criminal histories consistent with legal requirements, or any other basis protected by law. See also 
 Google's EEO Policy
, 
Know your rights: workplace discrimination is illegal
, 
Belonging at Google
, and 
How we hire
.
More about us
expand_more
Related information
expand_more
Equal opportunity
expand_more
Privacy
open_in_new
Applicant & Candidate Privacy
open_in_new
Terms
open_in_new
help
Help
open_in_new
arrow_back
Back to jobs search
Brand Designer, Google Cloud, Marketing
share
link
Copy link
email
Email a friend
corporate_fare
Google
place
San Francisco, CA, USA
; New York, NY, USA
; +2 more
; +1 more
bar_chart
Mid
Mid
Experience driving progress, solving problems, and mentoring more junior team members; deeper expertise and applied knowledge within relevant area.
Apply
share
link
Copy link
email
Email a friend
info_outline
X
Info Note: By applying to this position you will have an opportunity to share your preferred working location from the following: San Francisco, CA, USA; New York, NY, USA; Sunnyvale, CA, USA.
Note: By applying to this position you will have an opportunity to share your preferred working location from the following: 
San Francisco, CA, USA; New York, NY, USA; Sunnyvale, CA, USA
.
Minimum qualifications:
Bachelor's degree or equivalent practical experience. 
5 years of experience working in a creative discipline (e.g., design).
Experience with standard industry design tools and software (e.g., Figma, Adobe Creative suite and other design tools).
A portfolio of creative work.
Preferred qualifications:
Experience collaborating with specialists like vendors, agencies, creative talents, etc.
Knowledge of contemporary design and technology trends and insightful ways on how these could be relevant to brand expression.
Understanding of how to design for the modern web across browsers, screen sizes, and user profiles.
Understanding of motion design.
Ability to create design systems, interactive design (web) and graphic design (e.g., typography, layout, and how it extends across digital and traditional mediums).
About the job
Google Cloud Brand and Creative is a team of creative thinkers and makers. We create work for Google Cloud’s flagship brands like Google Cloud and Google Workspace through branded programs, campaigns, events, activations, and narrative experiences. We focus on a business and developer audience but ensure the work speaks to this audience on a human level, bringing delight and creativity to what can otherwise be a dry marketing space. By embracing user insights and strategic thinking, you will create intuitive design systems that will define the future of Google Cloud’s flagship brands.
As a Visual Brand Designer, you will define and create the beautiful, clean visual elements that comprise Google Cloud’s brand. You will work within our standards to maintain brand consistency but find moments to push beyond them. As a team we’re focused on extending and evolving our brand standards to enable the organization to create memorable experiences. You will create a range of visual design deliverables from comps, ads, branding, style guides, mock-ups, iconography, presentations layouts, mood boards. You will support a body of brand design work and collaborate daily with a diverse set of specialists from brand strategists, product marketing managers, experience designers, content strategists, writers, analysts, and engineers to inform and bring your designs to life.
Know the user. Know the magic. Connect the two. At its core, marketing at Google starts with technology and ends with the user, bringing both together in unconventional ways. Our job is to demonstrate how Google's products solve the world's problems--from the everyday to the epic, from the mundane to the monumental. And we approach marketing in a way that only Google can--changing the game, redefining the medium, making the user the priority, and ultimately, letting the technology speak for itself.
The US base salary range for this full-time position is $135,000-$200,000 + bonus + equity + benefits. Our salary ranges are determined by role, level, and location. The range displayed on each job posting reflects the minimum and maximum target salaries for the position across all US locations. Within the range, individual pay is determined by work location and additional factors, including job-related skills, experience, and relevant education or training. Your recruiter can share more about the specific salary range for your preferred location during the hiring process.
Please note that the compensation details listed in US role postings reflect the base salary only, and do not include bonus, equity, or benefits. Learn more about benefits at Google.
Responsibilities
Create original design systems to provide brand consistency across many assets from banners to Out of Home (OOH), digital to physical experiences.
Be able to present your work, articulate clear direction, and develop prioritized action items.
Provide design solutions to address changing brand needs.
Take care of the big picture design as you do for the smallest details.
Ensure your designs are grounded in conceptual and strategic thinking.
Information collected and processed as part of your Google Careers profile, and any job applications you choose to submit is subject to Google's 
Applicant and Candidate Privacy Policy
.
Google is proud to be an equal opportunity and affirmative action employer. We are committed to building a workforce that is representative of the users we serve, creating a culture of belonging, and providing an equal employment opportunity regardless of race, creed, color, religion, gender, sexual orientation, gender identity/expression, national origin, disability, age, genetic information, veteran status, marital status, pregnancy or related condition (including breastfeeding), expecting or parents-to-be, criminal histories consistent with legal requirements, or any other basis protected by law. See also 
 Google's EEO Policy
, 
Know your rights: workplace discrimination is illegal
, 
Belonging at Google
, and 
How we hire
.
If you have a need that requires accommodation, please let us know by completing our 
Accommodations for Applicants form
.
Google is a global company and, in order to facilitate efficient collaboration and communication globally, English proficiency is a requirement for all roles unless stated otherwise in the job posting.
To all recruitment agencies: Google does not accept agency resumes. Please do not forward resumes to our jobs alias, Google employees, or any other organization location. Google is not responsible for any fees related to unsolicited resumes.
Follow Life at Google on
More about us
About us
open_in_new
Contact us
open_in_new
Press
open_in_new
Related Information
Investor relations
open_in_new
Blog
open_in_new
Equal Opportunity
Google is proud to be an equal opportunity and affirmative action employer. We are committed to building a workforce that is representative of the users we serve, creating a culture of belonging, and providing an equal employment opportunity regardless of race, creed, color, religion, gender, sexual orientation, gender identity/expression, national origin, disability, age, genetic information, veteran status, marital status, pregnancy or related condition (including breastfeeding), expecting or parents-to-be, criminal histories consistent with legal requirements, or any other basis protected by law. See also 
 Google's EEO Policy
, 
Know your rights: workplace discrimination is illegal
, 
Belonging at Google
, and 
How we hire
.
More about us
expand_more
Related information
expand_more
Equal opportunity
expand_more
Privacy
open_in_new
Applicant & Candidate Privacy
open_in_new
Terms
open_in_new
help
Help
open_in_new

Follow Life at Google on
More about us
About us
open_in_new
Contact us
open_in_new
Press
open_in_new
Related Information
Investor relations
open_in_new
Blog
open_in_new
Equal Opportunity
Google is proud to be an equal opportunity and affirmative action employer. We are committed to building a workforce that is representative of the users we serve, creating a culture of belonging, and providing an equal employment opportunity regardless of race, creed, color, religion, gender, sexual orientation, gender identity/expression, national origin, disability, age, genetic information, veteran status, marital status, pregnancy or related condition (including breastfeeding), expecting or parents-to-be, criminal histories consistent with legal requirements, or any other basis protected by law. See also 
 Google's EEO Policy
, 
Know your rights: workplace discrimination is illegal
, 
Belonging at Google
, and 
How we hire
.
More about us
expand_more
Related information
expand_more
Equal opportunity
expand_more
Privacy
open_in_new
Applicant & Candidate Privacy
open_in_new
Terms
open_in_new
help
Help
open_in_new








Main menu
Google apps"
Google,"Silicon Design Verification Engineer, Devices and Services — Google Careers",https://www.google.com/about/careers/applications/jobs/results/79539716310868678-silicon-design-verification-engineer-devices-and-services?degree=BACHELORS&q=Software%20Engineer&employment_type=FULL_TIME&sort_by=date&target_level=EARLY&target_level=MID&location=New%20York%2C%20NY%2C%20USA&page=1,2024-07-24 01:30,2024-07-24 01:30,2024-07-24 01:30,"Silicon Design Verification Engineer, Devices and Services — Google Careers






Careers
Careers
Skip to main content
Teams
Locations
Benefits
Jobs
Students
Your career
arrow_drop_down
Your career menu
Applications
Profile
Saved jobs
Job alerts
Sign in

Applications
Profile
Search jobs
Saved jobs
Job alerts
Teams
Locations
Benefits
Jobs
Students
Help
Send Feedback
job details
arrow_back
Back to jobs search
Jobs search results
34
  jobs matched
Field Sales Representative, Digital Assets, Google Cloud
New York, NY, USA
; Austin, TX, USA
; +3 more
; +2 more
Software Engineer III, Engineering Productivity, Google Ads
Mountain View, CA, USA
; New York, NY, USA
Senior Video Editing Software Engineer, Google Photos
Los Angeles, CA, USA
; New York, NY, USA
; +2 more
; +1 more
Product Manager I, Ads
Mountain View, CA, USA
; San Bruno, CA, USA
; +3 more
; +2 more
Technical Program Manager III, Software Engineering, Search
Mountain View, CA, USA
; New York, NY, USA
Brand Designer, Google Cloud, Marketing
San Francisco, CA, USA
; New York, NY, USA
; +2 more
; +1 more
Silicon Design Verification Engineer, Devices and Services
Mountain View, CA, USA
; Austin, TX, USA
; +2 more
; +1 more
Security Engineer, Cloud Vulnerability Research
New York, NY, USA
Security Researcher, Device Wireless Connectivity
Mountain View, CA, USA
; Kirkland, WA, USA
; +2 more
; +1 more
Field Sales Representative, Growth, Startups, Google Cloud
New York, NY, USA
Software Engineer III, Infrastructure, Google Ads
New York, NY, USA
Senior Developer Relations Engineer, Android, Passkeys Authentication
Mountain View, CA, USA
; Seattle, WA, USA
; +3 more
; +2 more
Product Manager II, Google Assistant
Mountain View, CA, USA
; New York, NY, USA
Interaction Designer, Google Photos
New York, NY, USA
Senior Software Engineer, Google Ads
Cambridge, MA, USA
; New York, NY, USA
Software Engineer II, Learning and Education
New York, NY, USA
Software Engineer III, Machine Learning, Google Ads
Mountain View, CA, USA
; Los Angeles, CA, USA
; +2 more
; +1 more
Software Engineer III, Google Ads
Mountain View, CA, USA
; Irvine, CA, USA
; +4 more
; +3 more
Senior Software Engineer, Generative AI, Google Cloud AI
Kirkland, WA, USA
; New York, NY, USA
; +2 more
; +1 more
Senior Software Engineer, Infrastructure, Google Cloud Storage
New York, NY, USA
1‑20 of 34
navigate_next
Follow Life at Google on
More about us
About us
open_in_new
Contact us
open_in_new
Press
open_in_new
Related Information
Investor relations
open_in_new
Blog
open_in_new
Equal Opportunity
Google is proud to be an equal opportunity and affirmative action employer. We are committed to building a workforce that is representative of the users we serve, creating a culture of belonging, and providing an equal employment opportunity regardless of race, creed, color, religion, gender, sexual orientation, gender identity/expression, national origin, disability, age, genetic information, veteran status, marital status, pregnancy or related condition (including breastfeeding), expecting or parents-to-be, criminal histories consistent with legal requirements, or any other basis protected by law. See also 
 Google's EEO Policy
, 
Know your rights: workplace discrimination is illegal
, 
Belonging at Google
, and 
How we hire
.
More about us
expand_more
Related information
expand_more
Equal opportunity
expand_more
Privacy
open_in_new
Applicant & Candidate Privacy
open_in_new
Terms
open_in_new
help
Help
open_in_new
arrow_back
Back to jobs search
Silicon Design Verification Engineer, Devices and Services
share
link
Copy link
email
Email a friend
corporate_fare
Google
place
Mountain View, CA, USA
; Austin, TX, USA
; +2 more
; +1 more
bar_chart
Mid
Mid
Experience driving progress, solving problems, and mentoring more junior team members; deeper expertise and applied knowledge within relevant area.
Apply
share
link
Copy link
email
Email a friend
info_outline
X
Info Note: By applying to this position you will have an opportunity to share your preferred working location from the following: Mountain View, CA, USA; Austin, TX, USA; Poughkeepsie, NY, USA.
Note: By applying to this position you will have an opportunity to share your preferred working location from the following: 
Mountain View, CA, USA; Austin, TX, USA; Poughkeepsie, NY, USA
.
Minimum qualifications:
Bachelor's degree in Electrical Engineering, Computer Engineering, Computer Science, a related field, or equivalent practical experience.
3 years of experience with verification methodologies and languages such as Universal Verification Methodology (UVM) and SystemVerilog.
Experience with cache coherency in processor microarchitecture.
Preferred qualifications:
Master's degree or PhD in Electrical Engineering, Computer Engineering or Computer Science, with an emphasis on computer architecture.
Experience in low-power design verification.
Experience with UVM, SystemVerilog, or other scripting languages such as Python, Perl, Shell, Bash, etc
Knowledge of general purpose operating systems such as Linux and Android
Familiarity with ARM instruction set architecture.
About the job
Be part of a diverse team that pushes boundaries, developing custom silicon solutions that power the future of Google's direct-to-consumer products. You'll contribute to the innovation behind products loved by millions worldwide. Your expertise will shape the next generation of hardware experiences, delivering unparalleled performance, efficiency, and integration.
Google's mission is to organize the world's information and make it universally accessible and useful. Our team combines the best of Google AI, Software, and Hardware to create radically helpful experiences. We research, design, and develop new technologies and hardware to make computing faster, seamless, and more powerful. We aim to make people's lives better through technology.
The US base salary range for this full-time position is $127,000-$187,000 + bonus + equity + benefits. Our salary ranges are determined by role, level, and location. The range displayed on each job posting reflects the minimum and maximum target salaries for the position across all US locations. Within the range, individual pay is determined by work location and additional factors, including job-related skills, experience, and relevant education or training. Your recruiter can share more about the specific salary range for your preferred location during the hiring process.
Please note that the compensation details listed in US role postings reflect the base salary only, and do not include bonus, equity, or benefits. Learn more about 
benefits at Google
. 
Responsibilities
Verify designs using verification techniques and methodologies.
Work cross-functionally to debug failures and verify the functional correctness of the design.
Provide test plans, including verification strategy, environment, components, stimulus, checks, and coverage, and ensure documentation is easy to use.
Perform design verification for future CPU developments.
Perform functional verification and performance validation for both pre-silicon.
Information collected and processed as part of your Google Careers profile, and any job applications you choose to submit is subject to Google's 
Applicant and Candidate Privacy Policy
.
Google is proud to be an equal opportunity and affirmative action employer. We are committed to building a workforce that is representative of the users we serve, creating a culture of belonging, and providing an equal employment opportunity regardless of race, creed, color, religion, gender, sexual orientation, gender identity/expression, national origin, disability, age, genetic information, veteran status, marital status, pregnancy or related condition (including breastfeeding), expecting or parents-to-be, criminal histories consistent with legal requirements, or any other basis protected by law. See also 
 Google's EEO Policy
, 
Know your rights: workplace discrimination is illegal
, 
Belonging at Google
, and 
How we hire
.
If you have a need that requires accommodation, please let us know by completing our 
Accommodations for Applicants form
.
Google is a global company and, in order to facilitate efficient collaboration and communication globally, English proficiency is a requirement for all roles unless stated otherwise in the job posting.
To all recruitment agencies: Google does not accept agency resumes. Please do not forward resumes to our jobs alias, Google employees, or any other organization location. Google is not responsible for any fees related to unsolicited resumes.
Follow Life at Google on
More about us
About us
open_in_new
Contact us
open_in_new
Press
open_in_new
Related Information
Investor relations
open_in_new
Blog
open_in_new
Equal Opportunity
Google is proud to be an equal opportunity and affirmative action employer. We are committed to building a workforce that is representative of the users we serve, creating a culture of belonging, and providing an equal employment opportunity regardless of race, creed, color, religion, gender, sexual orientation, gender identity/expression, national origin, disability, age, genetic information, veteran status, marital status, pregnancy or related condition (including breastfeeding), expecting or parents-to-be, criminal histories consistent with legal requirements, or any other basis protected by law. See also 
 Google's EEO Policy
, 
Know your rights: workplace discrimination is illegal
, 
Belonging at Google
, and 
How we hire
.
More about us
expand_more
Related information
expand_more
Equal opportunity
expand_more
Privacy
open_in_new
Applicant & Candidate Privacy
open_in_new
Terms
open_in_new
help
Help
open_in_new

Follow Life at Google on
More about us
About us
open_in_new
Contact us
open_in_new
Press
open_in_new
Related Information
Investor relations
open_in_new
Blog
open_in_new
Equal Opportunity
Google is proud to be an equal opportunity and affirmative action employer. We are committed to building a workforce that is representative of the users we serve, creating a culture of belonging, and providing an equal employment opportunity regardless of race, creed, color, religion, gender, sexual orientation, gender identity/expression, national origin, disability, age, genetic information, veteran status, marital status, pregnancy or related condition (including breastfeeding), expecting or parents-to-be, criminal histories consistent with legal requirements, or any other basis protected by law. See also 
 Google's EEO Policy
, 
Know your rights: workplace discrimination is illegal
, 
Belonging at Google
, and 
How we hire
.
More about us
expand_more
Related information
expand_more
Equal opportunity
expand_more
Privacy
open_in_new
Applicant & Candidate Privacy
open_in_new
Terms
open_in_new
help
Help
open_in_new








Main menu
Google apps"
Google,"Security Engineer, Cloud Vulnerability Research — Google Careers",https://www.google.com/about/careers/applications/jobs/results/113362882267095750-security-engineer-cloud-vulnerability-research?degree=BACHELORS&q=Software%20Engineer&employment_type=FULL_TIME&sort_by=date&target_level=EARLY&target_level=MID&location=New%20York%2C%20NY%2C%20USA&page=1,2024-07-24 01:30,2024-07-24 01:30,2024-07-24 01:30,"Security Engineer, Cloud Vulnerability Research — Google Careers





Careers
Careers
Skip to main content
Teams
Locations
Benefits
Jobs
Students
Your career
arrow_drop_down
Your career menu
Applications
Profile
Saved jobs
Job alerts
Sign in

Applications
Profile
Search jobs
Saved jobs
Job alerts
Teams
Locations
Benefits
Jobs
Students
Help
Send Feedback
job details
arrow_back
Back to jobs search
Jobs search results
34
  jobs matched
Field Sales Representative, Digital Assets, Google Cloud
New York, NY, USA
; Austin, TX, USA
; +3 more
; +2 more
Software Engineer III, Engineering Productivity, Google Ads
Mountain View, CA, USA
; New York, NY, USA
Senior Video Editing Software Engineer, Google Photos
Los Angeles, CA, USA
; New York, NY, USA
; +2 more
; +1 more
Product Manager I, Ads
Mountain View, CA, USA
; San Bruno, CA, USA
; +3 more
; +2 more
Technical Program Manager III, Software Engineering, Search
Mountain View, CA, USA
; New York, NY, USA
Brand Designer, Google Cloud, Marketing
San Francisco, CA, USA
; New York, NY, USA
; +2 more
; +1 more
Silicon Design Verification Engineer, Devices and Services
Mountain View, CA, USA
; Austin, TX, USA
; +2 more
; +1 more
Security Engineer, Cloud Vulnerability Research
New York, NY, USA
Security Researcher, Device Wireless Connectivity
Mountain View, CA, USA
; Kirkland, WA, USA
; +2 more
; +1 more
Field Sales Representative, Growth, Startups, Google Cloud
New York, NY, USA
Software Engineer III, Infrastructure, Google Ads
New York, NY, USA
Senior Developer Relations Engineer, Android, Passkeys Authentication
Mountain View, CA, USA
; Seattle, WA, USA
; +3 more
; +2 more
Product Manager II, Google Assistant
Mountain View, CA, USA
; New York, NY, USA
Interaction Designer, Google Photos
New York, NY, USA
Senior Software Engineer, Google Ads
Cambridge, MA, USA
; New York, NY, USA
Software Engineer II, Learning and Education
New York, NY, USA
Software Engineer III, Machine Learning, Google Ads
Mountain View, CA, USA
; Los Angeles, CA, USA
; +2 more
; +1 more
Software Engineer III, Google Ads
Mountain View, CA, USA
; Irvine, CA, USA
; +4 more
; +3 more
Senior Software Engineer, Generative AI, Google Cloud AI
Kirkland, WA, USA
; New York, NY, USA
; +2 more
; +1 more
Senior Software Engineer, Infrastructure, Google Cloud Storage
New York, NY, USA
1‑20 of 34
navigate_next
Follow Life at Google on
More about us
About us
open_in_new
Contact us
open_in_new
Press
open_in_new
Related Information
Investor relations
open_in_new
Blog
open_in_new
Equal Opportunity
Google is proud to be an equal opportunity and affirmative action employer. We are committed to building a workforce that is representative of the users we serve, creating a culture of belonging, and providing an equal employment opportunity regardless of race, creed, color, religion, gender, sexual orientation, gender identity/expression, national origin, disability, age, genetic information, veteran status, marital status, pregnancy or related condition (including breastfeeding), expecting or parents-to-be, criminal histories consistent with legal requirements, or any other basis protected by law. See also 
 Google's EEO Policy
, 
Know your rights: workplace discrimination is illegal
, 
Belonging at Google
, and 
How we hire
.
More about us
expand_more
Related information
expand_more
Equal opportunity
expand_more
Privacy
open_in_new
Applicant & Candidate Privacy
open_in_new
Terms
open_in_new
help
Help
open_in_new
arrow_back
Back to jobs search
Security Engineer, Cloud Vulnerability Research
share
link
Copy link
email
Email a friend
corporate_fare
Google
place
New York, NY, USA
bar_chart
Mid
Mid
Experience driving progress, solving problems, and mentoring more junior team members; deeper expertise and applied knowledge within relevant area.
Apply
share
link
Copy link
email
Email a friend
Minimum qualifications:
Bachelor's degree or equivalent practical experience.
2 years of experience with security assessments or security design reviews or threat modeling.
2 years of experience with security engineering, computer and network security and security protocols.
2 years of coding experience in one or more general purpose languages.
2 years of experience in vulnerability research.
Preferred qualifications:
Experience discovering impactful vulnerabilities.
Experience in cloud vulnerability research.
About the job
There's no such thing as a ""safe system"" - only safer systems. Our Security team works to create and maintain the safest operating environment for Google's users and developers. As a Security Engineer, you help protect network boundaries, keep computer systems and network devices hardened against attacks and provide security services to protect highly sensitive data like passwords and customer information. Security Engineers work directly with network equipment and actively monitor our systems for attacks and intrusions. You also work with software engineers to proactively identify and fix security flaws and vulnerabilities.
You use your industry experience to own and drive the resolution of complex security incidents, policy questions and technical security issues.
Product Security Engineering is the team within the Cloud CISO organization responsible for helping ensure product Cloud ships as secure as it can be and increasing the assurance levels of security in the infrastructure. The team also focuses on increasing the capabilities of each product team to develop more secure products by design and by default, from patterns, tools, and frameworks. The mission is to find vulnerabilities in Cloud, and align scope and priorities to focus on establishing the risk, impact vulnerabilities, and work in the domain of unknowns.
Google Cloud accelerates every organization’s ability to digitally transform its business and industry. We deliver enterprise-grade solutions that leverage Google’s cutting-edge technology, and tools that help developers build more sustainably. Customers in more than 200 countries and territories turn to Google Cloud as their trusted partner to enable growth and solve their most critical business problems.
The US base salary range for this full-time position is $136,000-$200,000 + bonus + equity + benefits. Our salary ranges are determined by role, level, and location. The range displayed on each job posting reflects the minimum and maximum target salaries for the position across all US locations. Within the range, individual pay is determined by work location and additional factors, including job-related skills, experience, and relevant education or training. Your recruiter can share more about the specific salary range for your preferred location during the hiring process.
Please note that the compensation details listed in US role postings reflect the base salary only, and do not include bonus, equity, or benefits. Learn more about 
benefits at Google
.
Responsibilities
Find vulnerabilities in Google Cloud.
Conduct vulnerability research.
Identifying unknown bugs.
Communicate results and influence the remediation of issues.
Information collected and processed as part of your Google Careers profile, and any job applications you choose to submit is subject to Google's 
Applicant and Candidate Privacy Policy
.
Google is proud to be an equal opportunity and affirmative action employer. We are committed to building a workforce that is representative of the users we serve, creating a culture of belonging, and providing an equal employment opportunity regardless of race, creed, color, religion, gender, sexual orientation, gender identity/expression, national origin, disability, age, genetic information, veteran status, marital status, pregnancy or related condition (including breastfeeding), expecting or parents-to-be, criminal histories consistent with legal requirements, or any other basis protected by law. See also 
 Google's EEO Policy
, 
Know your rights: workplace discrimination is illegal
, 
Belonging at Google
, and 
How we hire
.
If you have a need that requires accommodation, please let us know by completing our 
Accommodations for Applicants form
.
Google is a global company and, in order to facilitate efficient collaboration and communication globally, English proficiency is a requirement for all roles unless stated otherwise in the job posting.
To all recruitment agencies: Google does not accept agency resumes. Please do not forward resumes to our jobs alias, Google employees, or any other organization location. Google is not responsible for any fees related to unsolicited resumes.
Follow Life at Google on
More about us
About us
open_in_new
Contact us
open_in_new
Press
open_in_new
Related Information
Investor relations
open_in_new
Blog
open_in_new
Equal Opportunity
Google is proud to be an equal opportunity and affirmative action employer. We are committed to building a workforce that is representative of the users we serve, creating a culture of belonging, and providing an equal employment opportunity regardless of race, creed, color, religion, gender, sexual orientation, gender identity/expression, national origin, disability, age, genetic information, veteran status, marital status, pregnancy or related condition (including breastfeeding), expecting or parents-to-be, criminal histories consistent with legal requirements, or any other basis protected by law. See also 
 Google's EEO Policy
, 
Know your rights: workplace discrimination is illegal
, 
Belonging at Google
, and 
How we hire
.
More about us
expand_more
Related information
expand_more
Equal opportunity
expand_more
Privacy
open_in_new
Applicant & Candidate Privacy
open_in_new
Terms
open_in_new
help
Help
open_in_new

Follow Life at Google on
More about us
About us
open_in_new
Contact us
open_in_new
Press
open_in_new
Related Information
Investor relations
open_in_new
Blog
open_in_new
Equal Opportunity
Google is proud to be an equal opportunity and affirmative action employer. We are committed to building a workforce that is representative of the users we serve, creating a culture of belonging, and providing an equal employment opportunity regardless of race, creed, color, religion, gender, sexual orientation, gender identity/expression, national origin, disability, age, genetic information, veteran status, marital status, pregnancy or related condition (including breastfeeding), expecting or parents-to-be, criminal histories consistent with legal requirements, or any other basis protected by law. See also 
 Google's EEO Policy
, 
Know your rights: workplace discrimination is illegal
, 
Belonging at Google
, and 
How we hire
.
More about us
expand_more
Related information
expand_more
Equal opportunity
expand_more
Privacy
open_in_new
Applicant & Candidate Privacy
open_in_new
Terms
open_in_new
help
Help
open_in_new








Main menu
Google apps"
Google,"Security Researcher, Device Wireless Connectivity — Google Careers",https://www.google.com/about/careers/applications/jobs/results/74515436724462278-security-researcher-device-wireless-connectivity?degree=BACHELORS&q=Software%20Engineer&employment_type=FULL_TIME&sort_by=date&target_level=EARLY&target_level=MID&location=New%20York%2C%20NY%2C%20USA&page=1,2024-07-24 01:30,2024-07-24 01:30,2024-07-24 01:30,"Security Researcher, Device Wireless Connectivity — Google Careers






Careers
Careers
Skip to main content
Teams
Locations
Benefits
Jobs
Students
Your career
arrow_drop_down
Your career menu
Applications
Profile
Saved jobs
Job alerts
Sign in

Applications
Profile
Search jobs
Saved jobs
Job alerts
Teams
Locations
Benefits
Jobs
Students
Help
Send Feedback
job details
arrow_back
Back to jobs search
Jobs search results
34
  jobs matched
Field Sales Representative, Digital Assets, Google Cloud
New York, NY, USA
; Austin, TX, USA
; +3 more
; +2 more
Software Engineer III, Engineering Productivity, Google Ads
Mountain View, CA, USA
; New York, NY, USA
Senior Video Editing Software Engineer, Google Photos
Los Angeles, CA, USA
; New York, NY, USA
; +2 more
; +1 more
Product Manager I, Ads
Mountain View, CA, USA
; San Bruno, CA, USA
; +3 more
; +2 more
Technical Program Manager III, Software Engineering, Search
Mountain View, CA, USA
; New York, NY, USA
Brand Designer, Google Cloud, Marketing
San Francisco, CA, USA
; New York, NY, USA
; +2 more
; +1 more
Silicon Design Verification Engineer, Devices and Services
Mountain View, CA, USA
; Austin, TX, USA
; +2 more
; +1 more
Security Engineer, Cloud Vulnerability Research
New York, NY, USA
Security Researcher, Device Wireless Connectivity
Mountain View, CA, USA
; Kirkland, WA, USA
; +2 more
; +1 more
Field Sales Representative, Growth, Startups, Google Cloud
New York, NY, USA
Software Engineer III, Infrastructure, Google Ads
New York, NY, USA
Senior Developer Relations Engineer, Android, Passkeys Authentication
Mountain View, CA, USA
; Seattle, WA, USA
; +3 more
; +2 more
Product Manager II, Google Assistant
Mountain View, CA, USA
; New York, NY, USA
Interaction Designer, Google Photos
New York, NY, USA
Senior Software Engineer, Google Ads
Cambridge, MA, USA
; New York, NY, USA
Software Engineer II, Learning and Education
New York, NY, USA
Software Engineer III, Machine Learning, Google Ads
Mountain View, CA, USA
; Los Angeles, CA, USA
; +2 more
; +1 more
Software Engineer III, Google Ads
Mountain View, CA, USA
; Irvine, CA, USA
; +4 more
; +3 more
Senior Software Engineer, Generative AI, Google Cloud AI
Kirkland, WA, USA
; New York, NY, USA
; +2 more
; +1 more
Senior Software Engineer, Infrastructure, Google Cloud Storage
New York, NY, USA
1‑20 of 34
navigate_next
Follow Life at Google on
More about us
About us
open_in_new
Contact us
open_in_new
Press
open_in_new
Related Information
Investor relations
open_in_new
Blog
open_in_new
Equal Opportunity
Google is proud to be an equal opportunity and affirmative action employer. We are committed to building a workforce that is representative of the users we serve, creating a culture of belonging, and providing an equal employment opportunity regardless of race, creed, color, religion, gender, sexual orientation, gender identity/expression, national origin, disability, age, genetic information, veteran status, marital status, pregnancy or related condition (including breastfeeding), expecting or parents-to-be, criminal histories consistent with legal requirements, or any other basis protected by law. See also 
 Google's EEO Policy
, 
Know your rights: workplace discrimination is illegal
, 
Belonging at Google
, and 
How we hire
.
More about us
expand_more
Related information
expand_more
Equal opportunity
expand_more
Privacy
open_in_new
Applicant & Candidate Privacy
open_in_new
Terms
open_in_new
help
Help
open_in_new
arrow_back
Back to jobs search
Security Researcher, Device Wireless Connectivity
share
link
Copy link
email
Email a friend
corporate_fare
Google
place
Mountain View, CA, USA
; Kirkland, WA, USA
; +2 more
; +1 more
bar_chart
Mid
Mid
Experience driving progress, solving problems, and mentoring more junior team members; deeper expertise and applied knowledge within relevant area.
Apply
share
link
Copy link
email
Email a friend
info_outline
X
Info Note: By applying to this position you will have an opportunity to share your preferred working location from the following: Mountain View, CA, USA; Kirkland, WA, USA; New York, NY, USA.
Note: By applying to this position you will have an opportunity to share your preferred working location from the following: 
Mountain View, CA, USA; Kirkland, WA, USA; New York, NY, USA
.
Minimum qualifications:
Bachelor's degree in a related technical field or equivalent practical experience.
3 years of experience as a security engineer or researcher.
Experience developing system software or writing exploit/proof-of-concept code.
Experience in two of the following areas: cellular modem/baseband, integrated circuits, eSIM, Wi-Fi, Bluetooth, Thread, USB, NFC, protocols and implementations.
Preferred qualifications:
Master's degree or PhD in Computer Science.
Experience identifying vulnerabilities in wireless protocols or implementations.
Experience writing exploits for wireless communication vulnerabilities on secured devices (e.g., Android, iOS, Linux based platforms).
Experience presenting security research at conferences or workshops, and participating in Capture the Flag (CTF) events and Vulnerability Rewards Programs (VRP).
Knowledge of applied cryptography.
Ability to ramp up on new code bases (e.g., C, C++, Rust) and evaluate the architecture, attack surface and weaknesses, and assess the effect of security hardening efforts.
About the job
Our Security team works to create and maintain the safest operating environment for Google's users and developers. Security Engineers work with network equipment and actively monitor our systems for attacks and intrusions. In this role, you will also work with software engineers to proactively identify and fix security flaws and vulnerabilities.
The goal is to embed security practices throughout the product life-cycle, ensuring the trustworthiness of the devices, apps, software services, and platforms that the product area develops.
The Security team is composed of engineers that prevent, detect, and mitigate vulnerabilities across a variety of product lines and services, and collaborates with product development teams on system design, hardening, code analysis, security testing, and other security assurance functions with the goal of minimizing the risk of abuse and increasing the cost of vulnerability exploitation.
In this role, you will focus on device wireless connectivity security and will contribute to individual and collaborative projects, including security research and red team exercises, with the goal of discovering and proving product deficiencies at the implementation and design levels. You will evaluate the security of fundamental building blocks in hardware, firmware, and software that power connected devices (e.g., phones, tablets, wearables, cameras, content streamers, other smart home products).
Google's mission is to organize the world's information and make it universally accessible and useful. Our Devices & Services team combines the best of Google AI, Software, and Hardware to create radically helpful experiences for users. We research, design, and develop new technologies and hardware to make our user's interaction with computing faster, seamless, and more powerful. Whether finding new ways to capture and sense the world around us, advancing form factors, or improving interaction methods, the Devices & Services team is making people's lives better through technology.
The US base salary range for this full-time position is $136,000-$200,000 + bonus + equity + benefits. Our salary ranges are determined by role, level, and location. The range displayed on each job posting reflects the minimum and maximum target salaries for the position across all US locations. Within the range, individual pay is determined by work location and additional factors, including job-related skills, experience, and relevant education or training. Your recruiter can share more about the specific salary range for your preferred location during the hiring process.
Please note that the compensation details listed in US role postings reflect the base salary only, and do not include bonus, equity, or benefits. Learn more about 
benefits at Google
. 
Responsibilities
Define and drive offensive security projects on connected devices including their wireless components, features, and associated subsystems.
Conduct security research in areas of high security risk and contribute to the planning and execution of red team engagements.
Find and demonstrate the exploitability of attack vectors and vulnerabilities on the device wireless communication stack.
Propose solutions to security issues and contribute to the design of mechanisms to mitigate or eliminate the risks.
Identify and drive projects to automate the team’s offensive security work.
Information collected and processed as part of your Google Careers profile, and any job applications you choose to submit is subject to Google's 
Applicant and Candidate Privacy Policy
.
Google is proud to be an equal opportunity and affirmative action employer. We are committed to building a workforce that is representative of the users we serve, creating a culture of belonging, and providing an equal employment opportunity regardless of race, creed, color, religion, gender, sexual orientation, gender identity/expression, national origin, disability, age, genetic information, veteran status, marital status, pregnancy or related condition (including breastfeeding), expecting or parents-to-be, criminal histories consistent with legal requirements, or any other basis protected by law. See also 
 Google's EEO Policy
, 
Know your rights: workplace discrimination is illegal
, 
Belonging at Google
, and 
How we hire
.
If you have a need that requires accommodation, please let us know by completing our 
Accommodations for Applicants form
.
Google is a global company and, in order to facilitate efficient collaboration and communication globally, English proficiency is a requirement for all roles unless stated otherwise in the job posting.
To all recruitment agencies: Google does not accept agency resumes. Please do not forward resumes to our jobs alias, Google employees, or any other organization location. Google is not responsible for any fees related to unsolicited resumes.
Follow Life at Google on
More about us
About us
open_in_new
Contact us
open_in_new
Press
open_in_new
Related Information
Investor relations
open_in_new
Blog
open_in_new
Equal Opportunity
Google is proud to be an equal opportunity and affirmative action employer. We are committed to building a workforce that is representative of the users we serve, creating a culture of belonging, and providing an equal employment opportunity regardless of race, creed, color, religion, gender, sexual orientation, gender identity/expression, national origin, disability, age, genetic information, veteran status, marital status, pregnancy or related condition (including breastfeeding), expecting or parents-to-be, criminal histories consistent with legal requirements, or any other basis protected by law. See also 
 Google's EEO Policy
, 
Know your rights: workplace discrimination is illegal
, 
Belonging at Google
, and 
How we hire
.
More about us
expand_more
Related information
expand_more
Equal opportunity
expand_more
Privacy
open_in_new
Applicant & Candidate Privacy
open_in_new
Terms
open_in_new
help
Help
open_in_new

Follow Life at Google on
More about us
About us
open_in_new
Contact us
open_in_new
Press
open_in_new
Related Information
Investor relations
open_in_new
Blog
open_in_new
Equal Opportunity
Google is proud to be an equal opportunity and affirmative action employer. We are committed to building a workforce that is representative of the users we serve, creating a culture of belonging, and providing an equal employment opportunity regardless of race, creed, color, religion, gender, sexual orientation, gender identity/expression, national origin, disability, age, genetic information, veteran status, marital status, pregnancy or related condition (including breastfeeding), expecting or parents-to-be, criminal histories consistent with legal requirements, or any other basis protected by law. See also 
 Google's EEO Policy
, 
Know your rights: workplace discrimination is illegal
, 
Belonging at Google
, and 
How we hire
.
More about us
expand_more
Related information
expand_more
Equal opportunity
expand_more
Privacy
open_in_new
Applicant & Candidate Privacy
open_in_new
Terms
open_in_new
help
Help
open_in_new








Main menu
Google apps"
Google,"Field Sales Representative, Growth, Startups, Google Cloud — Google Careers",https://www.google.com/about/careers/applications/jobs/results/78433108524704454-field-sales-representative-growth-startups-google-cloud?degree=BACHELORS&q=Software%20Engineer&employment_type=FULL_TIME&sort_by=date&target_level=EARLY&target_level=MID&location=New%20York%2C%20NY%2C%20USA&page=1,2024-07-24 01:30,2024-07-24 01:30,2024-07-24 01:30,"Field Sales Representative, Growth, Startups, Google Cloud — Google Careers






Careers
Careers
Skip to main content
Teams
Locations
Benefits
Jobs
Students
Your career
arrow_drop_down
Your career menu
Applications
Profile
Saved jobs
Job alerts
Sign in

Applications
Profile
Search jobs
Saved jobs
Job alerts
Teams
Locations
Benefits
Jobs
Students
Help
Send Feedback
job details
arrow_back
Back to jobs search
Jobs search results
34
  jobs matched
Field Sales Representative, Digital Assets, Google Cloud
New York, NY, USA
; Austin, TX, USA
; +3 more
; +2 more
Software Engineer III, Engineering Productivity, Google Ads
Mountain View, CA, USA
; New York, NY, USA
Senior Video Editing Software Engineer, Google Photos
Los Angeles, CA, USA
; New York, NY, USA
; +2 more
; +1 more
Product Manager I, Ads
Mountain View, CA, USA
; San Bruno, CA, USA
; +3 more
; +2 more
Technical Program Manager III, Software Engineering, Search
Mountain View, CA, USA
; New York, NY, USA
Brand Designer, Google Cloud, Marketing
San Francisco, CA, USA
; New York, NY, USA
; +2 more
; +1 more
Silicon Design Verification Engineer, Devices and Services
Mountain View, CA, USA
; Austin, TX, USA
; +2 more
; +1 more
Security Engineer, Cloud Vulnerability Research
New York, NY, USA
Security Researcher, Device Wireless Connectivity
Mountain View, CA, USA
; Kirkland, WA, USA
; +2 more
; +1 more
Field Sales Representative, Growth, Startups, Google Cloud
New York, NY, USA
Software Engineer III, Infrastructure, Google Ads
New York, NY, USA
Senior Developer Relations Engineer, Android, Passkeys Authentication
Mountain View, CA, USA
; Seattle, WA, USA
; +3 more
; +2 more
Product Manager II, Google Assistant
Mountain View, CA, USA
; New York, NY, USA
Interaction Designer, Google Photos
New York, NY, USA
Senior Software Engineer, Google Ads
Cambridge, MA, USA
; New York, NY, USA
Software Engineer II, Learning and Education
New York, NY, USA
Software Engineer III, Machine Learning, Google Ads
Mountain View, CA, USA
; Los Angeles, CA, USA
; +2 more
; +1 more
Software Engineer III, Google Ads
Mountain View, CA, USA
; Irvine, CA, USA
; +4 more
; +3 more
Senior Software Engineer, Generative AI, Google Cloud AI
Kirkland, WA, USA
; New York, NY, USA
; +2 more
; +1 more
Senior Software Engineer, Infrastructure, Google Cloud Storage
New York, NY, USA
1‑20 of 34
navigate_next
Follow Life at Google on
More about us
About us
open_in_new
Contact us
open_in_new
Press
open_in_new
Related Information
Investor relations
open_in_new
Blog
open_in_new
Equal Opportunity
Google is proud to be an equal opportunity and affirmative action employer. We are committed to building a workforce that is representative of the users we serve, creating a culture of belonging, and providing an equal employment opportunity regardless of race, creed, color, religion, gender, sexual orientation, gender identity/expression, national origin, disability, age, genetic information, veteran status, marital status, pregnancy or related condition (including breastfeeding), expecting or parents-to-be, criminal histories consistent with legal requirements, or any other basis protected by law. See also 
 Google's EEO Policy
, 
Know your rights: workplace discrimination is illegal
, 
Belonging at Google
, and 
How we hire
.
More about us
expand_more
Related information
expand_more
Equal opportunity
expand_more
Privacy
open_in_new
Applicant & Candidate Privacy
open_in_new
Terms
open_in_new
help
Help
open_in_new
arrow_back
Back to jobs search
Field Sales Representative, Growth, Startups, Google Cloud
share
link
Copy link
email
Email a friend
corporate_fare
Google
place
New York, NY, USA
bar_chart
Mid
Mid
Experience driving progress, solving problems, and mentoring more junior team members; deeper expertise and applied knowledge within relevant area.
Apply
share
link
Copy link
email
Email a friend
Minimum qualifications:
Bachelor's degree or equivalent practical experience.
7 years of experience with quota-carrying cloud or software sales, or account management at a business to business software company.
Preferred qualifications:
Experience selling Cloud Solutions, Infrastructure Software, Databases, Analytic Tools, or Applications Software across multiple industries and hundreds of accounts at once, aligning technology solutions to drive high value business outcomes.
Experience working with Customer Engineers and customers' technical leads to inventory existing software estate, define migration plans, and build business cases for migrations.
Experience growing existing customer base and acquiring new logos at scale, to increase spend and accelerate consumption business growth.
Experience cultivating and maintaining relationships to build partnerships and cloud solutions, with the ability to influence at the executive level.
About the job
The Google Cloud Platform team helps customers transform and build what's next for their business — all with technology built in the cloud. Our products are developed for security, reliability and scalability, running the full stack from infrastructure to applications to devices and hardware. Our teams are dedicated to helping our customers — developers, small and large businesses, educational institutions and government agencies — see the benefits of our technology come to life. As part of an entrepreneurial team in this rapidly growing business, you will play a key role in understanding the needs of our customers and help shape the future of businesses of all sizes use technology to connect with customers, employees and partners.
As a Field Sales Representative (FSR) within the Startups organization, you will manage the growth strategy for accounts across the startup ecosystem. You’ll leverage experience engaging with senior executives to build on existing relationships, establish relationships in new areas, and act as a business partner to understand customer's challenges and goals.  You will advocate the innovative power of products and solutions to make organizations more productive, collaborative, and mobile. Google Cloud's unique capabilities empower startups to address critical needs in scaling, growth, and global expansion, while also offering advanced technologies that drive differentiation, customer acquisition, and business growth acceleration.
Google Cloud accelerates every organization’s ability to digitally transform its business and industry. We deliver enterprise-grade solutions that leverage Google’s cutting-edge technology, and tools that help developers build more sustainably. Customers in more than 200 countries and territories turn to Google Cloud as their trusted partner to enable growth and solve their most critical business problems.
The US base salary range for this full-time position is $91,000-$136,000 + bonus + equity + benefits. Our salary ranges are determined by role, level, and location. The range displayed on each job posting reflects the minimum and maximum target salaries for the position across all US locations. Within the range, individual pay is determined by work location and additional factors, including job-related skills, experience, and relevant education or training. Your recruiter can share more about the specific salary range for your preferred location during the hiring process.
Please note that the compensation details listed in US role postings reflect the base salary only, and do not include bonus, equity, or benefits. Learn more about 
benefits at Google
.
Responsibilities
Build executive relationships with mid-market enterprise customers and the partner ecosystem to influence short-term and long-term technology and business decisions.
Support customers' business, including SaaS product portfolio, technology strategy, strategic growth plans, business drivers, financial structure, customer base, vertical market offering, and competitive landscape.
Lead account strategy to develop business growth opportunities, working cross-functionally with multiple teams and Google Partners, to maximize business impact within startup customers.
Manage business cycles, presenting to executives and negotiating terms.
Drive business development, own operational excellence at scale, forecast accurately, and achieve strategic goals by leading customers through the entire business cycle.
Information collected and processed as part of your Google Careers profile, and any job applications you choose to submit is subject to Google's 
Applicant and Candidate Privacy Policy
.
Google is proud to be an equal opportunity and affirmative action employer. We are committed to building a workforce that is representative of the users we serve, creating a culture of belonging, and providing an equal employment opportunity regardless of race, creed, color, religion, gender, sexual orientation, gender identity/expression, national origin, disability, age, genetic information, veteran status, marital status, pregnancy or related condition (including breastfeeding), expecting or parents-to-be, criminal histories consistent with legal requirements, or any other basis protected by law. See also 
 Google's EEO Policy
, 
Know your rights: workplace discrimination is illegal
, 
Belonging at Google
, and 
How we hire
.
If you have a need that requires accommodation, please let us know by completing our 
Accommodations for Applicants form
.
Google is a global company and, in order to facilitate efficient collaboration and communication globally, English proficiency is a requirement for all roles unless stated otherwise in the job posting.
To all recruitment agencies: Google does not accept agency resumes. Please do not forward resumes to our jobs alias, Google employees, or any other organization location. Google is not responsible for any fees related to unsolicited resumes.
Follow Life at Google on
More about us
About us
open_in_new
Contact us
open_in_new
Press
open_in_new
Related Information
Investor relations
open_in_new
Blog
open_in_new
Equal Opportunity
Google is proud to be an equal opportunity and affirmative action employer. We are committed to building a workforce that is representative of the users we serve, creating a culture of belonging, and providing an equal employment opportunity regardless of race, creed, color, religion, gender, sexual orientation, gender identity/expression, national origin, disability, age, genetic information, veteran status, marital status, pregnancy or related condition (including breastfeeding), expecting or parents-to-be, criminal histories consistent with legal requirements, or any other basis protected by law. See also 
 Google's EEO Policy
, 
Know your rights: workplace discrimination is illegal
, 
Belonging at Google
, and 
How we hire
.
More about us
expand_more
Related information
expand_more
Equal opportunity
expand_more
Privacy
open_in_new
Applicant & Candidate Privacy
open_in_new
Terms
open_in_new
help
Help
open_in_new

Follow Life at Google on
More about us
About us
open_in_new
Contact us
open_in_new
Press
open_in_new
Related Information
Investor relations
open_in_new
Blog
open_in_new
Equal Opportunity
Google is proud to be an equal opportunity and affirmative action employer. We are committed to building a workforce that is representative of the users we serve, creating a culture of belonging, and providing an equal employment opportunity regardless of race, creed, color, religion, gender, sexual orientation, gender identity/expression, national origin, disability, age, genetic information, veteran status, marital status, pregnancy or related condition (including breastfeeding), expecting or parents-to-be, criminal histories consistent with legal requirements, or any other basis protected by law. See also 
 Google's EEO Policy
, 
Know your rights: workplace discrimination is illegal
, 
Belonging at Google
, and 
How we hire
.
More about us
expand_more
Related information
expand_more
Equal opportunity
expand_more
Privacy
open_in_new
Applicant & Candidate Privacy
open_in_new
Terms
open_in_new
help
Help
open_in_new








Main menu
Google apps"
Google,"Software Engineer III, Infrastructure, Google Ads — Google Careers",https://www.google.com/about/careers/applications/jobs/results/139459561508479686-software-engineer-iii-infrastructure-google-ads?degree=BACHELORS&q=Software%20Engineer&employment_type=FULL_TIME&sort_by=date&target_level=EARLY&target_level=MID&location=New%20York%2C%20NY%2C%20USA&page=1,2024-07-24 01:30,2024-07-24 01:30,2024-07-24 01:30,"Software Engineer III, Infrastructure, Google Ads — Google Careers






Careers
Careers
Skip to main content
Teams
Locations
Benefits
Jobs
Students
Your career
arrow_drop_down
Your career menu
Applications
Profile
Saved jobs
Job alerts
Sign in

Applications
Profile
Search jobs
Saved jobs
Job alerts
Teams
Locations
Benefits
Jobs
Students
Help
Send Feedback
job details
arrow_back
Back to jobs search
Jobs search results
34
  jobs matched
Field Sales Representative, Digital Assets, Google Cloud
New York, NY, USA
; Austin, TX, USA
; +3 more
; +2 more
Software Engineer III, Engineering Productivity, Google Ads
Mountain View, CA, USA
; New York, NY, USA
Senior Video Editing Software Engineer, Google Photos
Los Angeles, CA, USA
; New York, NY, USA
; +2 more
; +1 more
Product Manager I, Ads
Mountain View, CA, USA
; San Bruno, CA, USA
; +3 more
; +2 more
Technical Program Manager III, Software Engineering, Search
Mountain View, CA, USA
; New York, NY, USA
Brand Designer, Google Cloud, Marketing
San Francisco, CA, USA
; New York, NY, USA
; +2 more
; +1 more
Silicon Design Verification Engineer, Devices and Services
Mountain View, CA, USA
; Austin, TX, USA
; +2 more
; +1 more
Security Engineer, Cloud Vulnerability Research
New York, NY, USA
Security Researcher, Device Wireless Connectivity
Mountain View, CA, USA
; Kirkland, WA, USA
; +2 more
; +1 more
Field Sales Representative, Growth, Startups, Google Cloud
New York, NY, USA
Software Engineer III, Infrastructure, Google Ads
New York, NY, USA
Senior Developer Relations Engineer, Android, Passkeys Authentication
Mountain View, CA, USA
; Seattle, WA, USA
; +3 more
; +2 more
Product Manager II, Google Assistant
Mountain View, CA, USA
; New York, NY, USA
Interaction Designer, Google Photos
New York, NY, USA
Senior Software Engineer, Google Ads
Cambridge, MA, USA
; New York, NY, USA
Software Engineer II, Learning and Education
New York, NY, USA
Software Engineer III, Machine Learning, Google Ads
Mountain View, CA, USA
; Los Angeles, CA, USA
; +2 more
; +1 more
Software Engineer III, Google Ads
Mountain View, CA, USA
; Irvine, CA, USA
; +4 more
; +3 more
Senior Software Engineer, Generative AI, Google Cloud AI
Kirkland, WA, USA
; New York, NY, USA
; +2 more
; +1 more
Senior Software Engineer, Infrastructure, Google Cloud Storage
New York, NY, USA
1‑20 of 34
navigate_next
Follow Life at Google on
More about us
About us
open_in_new
Contact us
open_in_new
Press
open_in_new
Related Information
Investor relations
open_in_new
Blog
open_in_new
Equal Opportunity
Google is proud to be an equal opportunity and affirmative action employer. We are committed to building a workforce that is representative of the users we serve, creating a culture of belonging, and providing an equal employment opportunity regardless of race, creed, color, religion, gender, sexual orientation, gender identity/expression, national origin, disability, age, genetic information, veteran status, marital status, pregnancy or related condition (including breastfeeding), expecting or parents-to-be, criminal histories consistent with legal requirements, or any other basis protected by law. See also 
 Google's EEO Policy
, 
Know your rights: workplace discrimination is illegal
, 
Belonging at Google
, and 
How we hire
.
More about us
expand_more
Related information
expand_more
Equal opportunity
expand_more
Privacy
open_in_new
Applicant & Candidate Privacy
open_in_new
Terms
open_in_new
help
Help
open_in_new
arrow_back
Back to jobs search
Software Engineer III, Infrastructure, Google Ads
share
link
Copy link
email
Email a friend
corporate_fare
Google
place
New York, NY, USA
bar_chart
Mid
Mid
Experience driving progress, solving problems, and mentoring more junior team members; deeper expertise and applied knowledge within relevant area.
Apply
share
link
Copy link
email
Email a friend
Minimum qualifications:
Bachelor’s degree or equivalent practical experience.
2 years of experience with software development in one or more programming languages, or 1 year of experience with an advanced degree in an industry setting. 
2 years of experience with data structures or algorithms in either an academic or industry setting. 
2 years of experience with developing large-scale infrastructure, distributed systems or networks, or experience with compute technologies, storage or hardware architecture.
Preferred qualifications:
Master's degree or PhD in Computer Science or related technical fields.
2 years of experience with performance, large scale systems data analysis, visualization tools, and/or debugging. 
Experience developing accessible technologies. 
Proficiency in code and system health, diagnosis and resolution, and software test engineering. 
About the job
Google's software engineers develop the next-generation technologies that change how billions of users connect, explore, and interact with information and one another. Our products need to handle information at massive scale, and extend well beyond web search. We're looking for engineers who bring fresh ideas from all areas, including information retrieval, distributed computing, large-scale system design, networking and data storage, security, artificial intelligence, natural language processing, UI design and mobile; the list goes on and is growing every day. As a software engineer, you will work on a specific project critical to Google’s needs with opportunities to switch teams and projects as you and our fast-paced business grow and evolve. We need our engineers to be versatile, display leadership qualities and be enthusiastic to take on new problems across the full-stack as we continue to push technology forward.
With your technical expertise you will manage project priorities, deadlines, and deliverables. You will design, develop, test, deploy, maintain, and enhance software solutions.

Google Ads is helping power the open internet with the best technology that connects and creates value for people, publishers, advertisers, and Google. We’re made up of multiple teams, building Google’s Advertising products including search, display, shopping, travel and video advertising, as well as analytics. Our teams create trusted experiences between people and businesses with useful ads. We help grow businesses of all sizes from small businesses, to large brands, to YouTube creators, with effective advertiser tools that deliver measurable results. We also enable Google to engage with customers at scale. 
The US base salary range for this full-time position is $136,000-$200,000 + bonus + equity + benefits. Our salary ranges are determined by role, level, and location. The range displayed on each job posting reflects the minimum and maximum target salaries for the position across all US locations. Within the range, individual pay is determined by work location and additional factors, including job-related skills, experience, and relevant education or training. Your recruiter can share more about the specific salary range for your preferred location during the hiring process. 
Please note that the compensation details listed in US role postings reflect the base salary only, and do not include bonus, equity, or benefits. Learn more about 
benefits at Google
.
Responsibilities
Write product or system development code.
Participate in, or lead design reviews with peers and stakeholders to decide amongst available technologies.
Review code developed by other developers and provide feedback to ensure best practices (e.g., style guidelines, checking code in, accuracy, testability, and efficiency).
Contribute to existing documentation or educational content and adapt content based on product/program updates and user feedback.
Triage product or system issues and debug/track/resolve by analyzing the sources of issues and the impact on hardware, network, or service operations and quality.
Information collected and processed as part of your Google Careers profile, and any job applications you choose to submit is subject to Google's 
Applicant and Candidate Privacy Policy
.
Google is proud to be an equal opportunity and affirmative action employer. We are committed to building a workforce that is representative of the users we serve, creating a culture of belonging, and providing an equal employment opportunity regardless of race, creed, color, religion, gender, sexual orientation, gender identity/expression, national origin, disability, age, genetic information, veteran status, marital status, pregnancy or related condition (including breastfeeding), expecting or parents-to-be, criminal histories consistent with legal requirements, or any other basis protected by law. See also 
 Google's EEO Policy
, 
Know your rights: workplace discrimination is illegal
, 
Belonging at Google
, and 
How we hire
.
If you have a need that requires accommodation, please let us know by completing our 
Accommodations for Applicants form
.
Google is a global company and, in order to facilitate efficient collaboration and communication globally, English proficiency is a requirement for all roles unless stated otherwise in the job posting.
To all recruitment agencies: Google does not accept agency resumes. Please do not forward resumes to our jobs alias, Google employees, or any other organization location. Google is not responsible for any fees related to unsolicited resumes.
Follow Life at Google on
More about us
About us
open_in_new
Contact us
open_in_new
Press
open_in_new
Related Information
Investor relations
open_in_new
Blog
open_in_new
Equal Opportunity
Google is proud to be an equal opportunity and affirmative action employer. We are committed to building a workforce that is representative of the users we serve, creating a culture of belonging, and providing an equal employment opportunity regardless of race, creed, color, religion, gender, sexual orientation, gender identity/expression, national origin, disability, age, genetic information, veteran status, marital status, pregnancy or related condition (including breastfeeding), expecting or parents-to-be, criminal histories consistent with legal requirements, or any other basis protected by law. See also 
 Google's EEO Policy
, 
Know your rights: workplace discrimination is illegal
, 
Belonging at Google
, and 
How we hire
.
More about us
expand_more
Related information
expand_more
Equal opportunity
expand_more
Privacy
open_in_new
Applicant & Candidate Privacy
open_in_new
Terms
open_in_new
help
Help
open_in_new

Follow Life at Google on
More about us
About us
open_in_new
Contact us
open_in_new
Press
open_in_new
Related Information
Investor relations
open_in_new
Blog
open_in_new
Equal Opportunity
Google is proud to be an equal opportunity and affirmative action employer. We are committed to building a workforce that is representative of the users we serve, creating a culture of belonging, and providing an equal employment opportunity regardless of race, creed, color, religion, gender, sexual orientation, gender identity/expression, national origin, disability, age, genetic information, veteran status, marital status, pregnancy or related condition (including breastfeeding), expecting or parents-to-be, criminal histories consistent with legal requirements, or any other basis protected by law. See also 
 Google's EEO Policy
, 
Know your rights: workplace discrimination is illegal
, 
Belonging at Google
, and 
How we hire
.
More about us
expand_more
Related information
expand_more
Equal opportunity
expand_more
Privacy
open_in_new
Applicant & Candidate Privacy
open_in_new
Terms
open_in_new
help
Help
open_in_new








Main menu
Google apps"
Google,"Senior Developer Relations Engineer, Android, Passkeys Authentication — Google Careers",https://www.google.com/about/careers/applications/jobs/results/130033373362954950-senior-developer-relations-engineer-android-passkeys-authentication?degree=BACHELORS&q=Software%20Engineer&employment_type=FULL_TIME&sort_by=date&target_level=EARLY&target_level=MID&location=New%20York%2C%20NY%2C%20USA&page=1,2024-07-24 01:30,2024-07-24 01:30,2024-07-24 01:30,"Senior Developer Relations Engineer, Android, Passkeys Authentication — Google Careers






Careers
Careers
Skip to main content
Teams
Locations
Benefits
Jobs
Students
Your career
arrow_drop_down
Your career menu
Applications
Profile
Saved jobs
Job alerts
Sign in

Applications
Profile
Search jobs
Saved jobs
Job alerts
Teams
Locations
Benefits
Jobs
Students
Help
Send Feedback
job details
arrow_back
Back to jobs search
Jobs search results
34
  jobs matched
Field Sales Representative, Digital Assets, Google Cloud
New York, NY, USA
; Austin, TX, USA
; +3 more
; +2 more
Software Engineer III, Engineering Productivity, Google Ads
Mountain View, CA, USA
; New York, NY, USA
Senior Video Editing Software Engineer, Google Photos
Los Angeles, CA, USA
; New York, NY, USA
; +2 more
; +1 more
Product Manager I, Ads
Mountain View, CA, USA
; San Bruno, CA, USA
; +3 more
; +2 more
Technical Program Manager III, Software Engineering, Search
Mountain View, CA, USA
; New York, NY, USA
Brand Designer, Google Cloud, Marketing
San Francisco, CA, USA
; New York, NY, USA
; +2 more
; +1 more
Silicon Design Verification Engineer, Devices and Services
Mountain View, CA, USA
; Austin, TX, USA
; +2 more
; +1 more
Security Engineer, Cloud Vulnerability Research
New York, NY, USA
Security Researcher, Device Wireless Connectivity
Mountain View, CA, USA
; Kirkland, WA, USA
; +2 more
; +1 more
Field Sales Representative, Growth, Startups, Google Cloud
New York, NY, USA
Software Engineer III, Infrastructure, Google Ads
New York, NY, USA
Senior Developer Relations Engineer, Android, Passkeys Authentication
Mountain View, CA, USA
; Seattle, WA, USA
; +3 more
; +2 more
Product Manager II, Google Assistant
Mountain View, CA, USA
; New York, NY, USA
Interaction Designer, Google Photos
New York, NY, USA
Senior Software Engineer, Google Ads
Cambridge, MA, USA
; New York, NY, USA
Software Engineer II, Learning and Education
New York, NY, USA
Software Engineer III, Machine Learning, Google Ads
Mountain View, CA, USA
; Los Angeles, CA, USA
; +2 more
; +1 more
Software Engineer III, Google Ads
Mountain View, CA, USA
; Irvine, CA, USA
; +4 more
; +3 more
Senior Software Engineer, Generative AI, Google Cloud AI
Kirkland, WA, USA
; New York, NY, USA
; +2 more
; +1 more
Senior Software Engineer, Infrastructure, Google Cloud Storage
New York, NY, USA
1‑20 of 34
navigate_next
Follow Life at Google on
More about us
About us
open_in_new
Contact us
open_in_new
Press
open_in_new
Related Information
Investor relations
open_in_new
Blog
open_in_new
Equal Opportunity
Google is proud to be an equal opportunity and affirmative action employer. We are committed to building a workforce that is representative of the users we serve, creating a culture of belonging, and providing an equal employment opportunity regardless of race, creed, color, religion, gender, sexual orientation, gender identity/expression, national origin, disability, age, genetic information, veteran status, marital status, pregnancy or related condition (including breastfeeding), expecting or parents-to-be, criminal histories consistent with legal requirements, or any other basis protected by law. See also 
 Google's EEO Policy
, 
Know your rights: workplace discrimination is illegal
, 
Belonging at Google
, and 
How we hire
.
More about us
expand_more
Related information
expand_more
Equal opportunity
expand_more
Privacy
open_in_new
Applicant & Candidate Privacy
open_in_new
Terms
open_in_new
help
Help
open_in_new
arrow_back
Back to jobs search
Senior Developer Relations Engineer, Android, Passkeys Authentication
share
link
Copy link
email
Email a friend
corporate_fare
Google
place
Mountain View, CA, USA
; Seattle, WA, USA
; +3 more
; +2 more
bar_chart
Mid
Mid
Experience driving progress, solving problems, and mentoring more junior team members; deeper expertise and applied knowledge within relevant area.
Apply
share
link
Copy link
email
Email a friend
info_outline
X
Info Note: By applying to this position you will have an opportunity to share your preferred working location from the following: Mountain View, CA, USA; Seattle, WA, USA; New York, NY, USA; Kirkland, WA, USA.
Note: By applying to this position you will have an opportunity to share your preferred working location from the following: 
Mountain View, CA, USA; Seattle, WA, USA; New York, NY, USA; Kirkland, WA, USA
.
Minimum qualifications:
Bachelor's degree in Computer Science, a similar technical field, or equivalent practical experience.
5 years of work experience in a technical role (e.g., software engineering, solutions consultant, etc.) or equivalent technical experience.
3 years of experience working cross-functionally with stakeholders.
2 years of experience building Android applications (e.g., Kotlin, Java).
Experience in a Developer Relations role or engaging with and educating developers.
Preferred qualifications:
7 years of experience in a customer-facing role, public speaking (e.g., presentations, keynotes, demos, etc.).
Experience working with third-party Developer tools (e.g., documentation, APIs, SDKs, Client Libraries).
Experience in Developer Relations or Developer Communities.
Experience working with external partners such as app developers, SDK developers or OEMs.
Understanding of authentication and identity protocols (e.g., OAuth, OIDC, FIDO).
Ability to take ownership of solutions and exert influence without authority.
About the job
Passionate people are everywhere at Google. In Developer Relations, we get excited to collaborate and connect with the communities that love technology as much as we do. Part community manager and part developer advocate, Developer Programs Engineers collaborate with developers at conferences and online, and advocate for developers interests internally at Google. Not afraid to be hands-on, you write sample code and client libraries as well as participate in developer forums and support queues to troubleshoot and debug coding problems developers encounter. Internally, you work with product engineering teams improve our products by conveying feedback from developers, reviewing API designs and testing new features. Chrome, Android, App Engine, HTML5 as well as our core Google Apps and Ads APIs are just some of the platforms you promote and support.
With your technical expertise, you drive strategy around fostering a community of developers who work with Google technologies. An ardent advocate for these developers, you represent their voice internally to our Product Managers and serve as their Google support in application development and technology implementation.
As a Developer Relations Engineer, you will be the technical source of Android Identity at Google. You will advocate our Passkeys developer products and APIs, driving adoption and shaping the roadmap for future innovations. You will influence the future of secure authentication and identity management for Android and the entire ecosystem.
In this role, you will host workshops/speak at conferences with third-party Android developers, create/drive the Identity team's strategy, and present developer sentiment, feedback, pain points, and wins to Google leadership.
Android is Google’s open-source mobile operating system powering more than 3 billion devices worldwide. Android is about bringing computing to everyone in the world. We believe computing is a super power for good, enabling access to information, economic opportunity, productivity, connectivity between friends and family and more. We think everyone in the world should have access to the best computing has to offer. We provide the platform for original equipment manufacturers (OEMs) and developers to build compelling computing devices (smartphones, tablets, TVs, wearables, etc) that run the best apps/services for everyone in the world.
The US base salary range for this full-time position is $142,000-$211,000 + bonus + equity + benefits. Our salary ranges are determined by role, level, and location. The range displayed on each job posting reflects the minimum and maximum target salaries for the position across all US locations. Within the range, individual pay is determined by work location and additional factors, including job-related skills, experience, and relevant education or training. Your recruiter can share more about the specific salary range for your preferred location during the hiring process.
Please note that the compensation details listed in US role postings reflect the base salary only, and do not include bonus, equity, or benefits. Learn more about benefits at Google.
Responsibilities
Act as a subject matter expert for Passkeys developer products and APIs, identifying areas for improvement and influencing the roadmap.
Propose product changes, review engineering design documents, and shape engineering plans.
Partner with Google Identity, Android, and Chrome teams to craft compelling developer narratives and resources.
Provide technical leadership in designing, building, launching, and enhancing Credential Manager, Authentication, and Identity solutions for Android.
Drive the widespread adoption of Passkeys among developers.
Information collected and processed as part of your Google Careers profile, and any job applications you choose to submit is subject to Google's 
Applicant and Candidate Privacy Policy
.
Google is proud to be an equal opportunity and affirmative action employer. We are committed to building a workforce that is representative of the users we serve, creating a culture of belonging, and providing an equal employment opportunity regardless of race, creed, color, religion, gender, sexual orientation, gender identity/expression, national origin, disability, age, genetic information, veteran status, marital status, pregnancy or related condition (including breastfeeding), expecting or parents-to-be, criminal histories consistent with legal requirements, or any other basis protected by law. See also 
 Google's EEO Policy
, 
Know your rights: workplace discrimination is illegal
, 
Belonging at Google
, and 
How we hire
.
If you have a need that requires accommodation, please let us know by completing our 
Accommodations for Applicants form
.
Google is a global company and, in order to facilitate efficient collaboration and communication globally, English proficiency is a requirement for all roles unless stated otherwise in the job posting.
To all recruitment agencies: Google does not accept agency resumes. Please do not forward resumes to our jobs alias, Google employees, or any other organization location. Google is not responsible for any fees related to unsolicited resumes.
Follow Life at Google on
More about us
About us
open_in_new
Contact us
open_in_new
Press
open_in_new
Related Information
Investor relations
open_in_new
Blog
open_in_new
Equal Opportunity
Google is proud to be an equal opportunity and affirmative action employer. We are committed to building a workforce that is representative of the users we serve, creating a culture of belonging, and providing an equal employment opportunity regardless of race, creed, color, religion, gender, sexual orientation, gender identity/expression, national origin, disability, age, genetic information, veteran status, marital status, pregnancy or related condition (including breastfeeding), expecting or parents-to-be, criminal histories consistent with legal requirements, or any other basis protected by law. See also 
 Google's EEO Policy
, 
Know your rights: workplace discrimination is illegal
, 
Belonging at Google
, and 
How we hire
.
More about us
expand_more
Related information
expand_more
Equal opportunity
expand_more
Privacy
open_in_new
Applicant & Candidate Privacy
open_in_new
Terms
open_in_new
help
Help
open_in_new

Follow Life at Google on
More about us
About us
open_in_new
Contact us
open_in_new
Press
open_in_new
Related Information
Investor relations
open_in_new
Blog
open_in_new
Equal Opportunity
Google is proud to be an equal opportunity and affirmative action employer. We are committed to building a workforce that is representative of the users we serve, creating a culture of belonging, and providing an equal employment opportunity regardless of race, creed, color, religion, gender, sexual orientation, gender identity/expression, national origin, disability, age, genetic information, veteran status, marital status, pregnancy or related condition (including breastfeeding), expecting or parents-to-be, criminal histories consistent with legal requirements, or any other basis protected by law. See also 
 Google's EEO Policy
, 
Know your rights: workplace discrimination is illegal
, 
Belonging at Google
, and 
How we hire
.
More about us
expand_more
Related information
expand_more
Equal opportunity
expand_more
Privacy
open_in_new
Applicant & Candidate Privacy
open_in_new
Terms
open_in_new
help
Help
open_in_new








Main menu
Google apps"
Google,"Product Manager II, Google Assistant — Google Careers",https://www.google.com/about/careers/applications/jobs/results/138690165898912454-product-manager-ii-google-assistant?degree=BACHELORS&q=Software%20Engineer&employment_type=FULL_TIME&sort_by=date&target_level=EARLY&target_level=MID&location=New%20York%2C%20NY%2C%20USA&page=1,2024-07-24 01:30,2024-07-24 01:30,2024-07-24 01:30,"Product Manager II, Google Assistant — Google Careers






Careers
Careers
Skip to main content
Teams
Locations
Benefits
Jobs
Students
Your career
arrow_drop_down
Your career menu
Applications
Profile
Saved jobs
Job alerts
Sign in

Applications
Profile
Search jobs
Saved jobs
Job alerts
Teams
Locations
Benefits
Jobs
Students
Help
Send Feedback
job details
arrow_back
Back to jobs search
Jobs search results
34
  jobs matched
Field Sales Representative, Digital Assets, Google Cloud
New York, NY, USA
; Austin, TX, USA
; +3 more
; +2 more
Software Engineer III, Engineering Productivity, Google Ads
Mountain View, CA, USA
; New York, NY, USA
Senior Video Editing Software Engineer, Google Photos
Los Angeles, CA, USA
; New York, NY, USA
; +2 more
; +1 more
Product Manager I, Ads
Mountain View, CA, USA
; San Bruno, CA, USA
; +3 more
; +2 more
Technical Program Manager III, Software Engineering, Search
Mountain View, CA, USA
; New York, NY, USA
Brand Designer, Google Cloud, Marketing
San Francisco, CA, USA
; New York, NY, USA
; +2 more
; +1 more
Silicon Design Verification Engineer, Devices and Services
Mountain View, CA, USA
; Austin, TX, USA
; +2 more
; +1 more
Security Engineer, Cloud Vulnerability Research
New York, NY, USA
Security Researcher, Device Wireless Connectivity
Mountain View, CA, USA
; Kirkland, WA, USA
; +2 more
; +1 more
Field Sales Representative, Growth, Startups, Google Cloud
New York, NY, USA
Software Engineer III, Infrastructure, Google Ads
New York, NY, USA
Senior Developer Relations Engineer, Android, Passkeys Authentication
Mountain View, CA, USA
; Seattle, WA, USA
; +3 more
; +2 more
Product Manager II, Google Assistant
Mountain View, CA, USA
; New York, NY, USA
Interaction Designer, Google Photos
New York, NY, USA
Senior Software Engineer, Google Ads
Cambridge, MA, USA
; New York, NY, USA
Software Engineer II, Learning and Education
New York, NY, USA
Software Engineer III, Machine Learning, Google Ads
Mountain View, CA, USA
; Los Angeles, CA, USA
; +2 more
; +1 more
Software Engineer III, Google Ads
Mountain View, CA, USA
; Irvine, CA, USA
; +4 more
; +3 more
Senior Software Engineer, Generative AI, Google Cloud AI
Kirkland, WA, USA
; New York, NY, USA
; +2 more
; +1 more
Senior Software Engineer, Infrastructure, Google Cloud Storage
New York, NY, USA
1‑20 of 34
navigate_next
Follow Life at Google on
More about us
About us
open_in_new
Contact us
open_in_new
Press
open_in_new
Related Information
Investor relations
open_in_new
Blog
open_in_new
Equal Opportunity
Google is proud to be an equal opportunity and affirmative action employer. We are committed to building a workforce that is representative of the users we serve, creating a culture of belonging, and providing an equal employment opportunity regardless of race, creed, color, religion, gender, sexual orientation, gender identity/expression, national origin, disability, age, genetic information, veteran status, marital status, pregnancy or related condition (including breastfeeding), expecting or parents-to-be, criminal histories consistent with legal requirements, or any other basis protected by law. See also 
 Google's EEO Policy
, 
Know your rights: workplace discrimination is illegal
, 
Belonging at Google
, and 
How we hire
.
More about us
expand_more
Related information
expand_more
Equal opportunity
expand_more
Privacy
open_in_new
Applicant & Candidate Privacy
open_in_new
Terms
open_in_new
help
Help
open_in_new
arrow_back
Back to jobs search
Product Manager II, Google Assistant
share
link
Copy link
email
Email a friend
corporate_fare
Google
place
Mountain View, CA, USA
; New York, NY, USA
bar_chart
Mid
Mid
Experience driving progress, solving problems, and mentoring more junior team members; deeper expertise and applied knowledge within relevant area.
Apply
share
link
Copy link
email
Email a friend
info_outline
X
Info Note: By applying to this position you will have an opportunity to share your preferred working location from the following: Mountain View, CA, USA; New York, NY, USA.
Note: By applying to this position you will have an opportunity to share your preferred working location from the following: 
Mountain View, CA, USA; New York, NY, USA
.
Minimum qualifications:
Bachelor's degree or equivalent practical experience.
5 years of experience in product management or related technical role.
2 years of experience taking technical products from conception to launch.
Preferred qualifications:
Master’s degree or PhD in a technology or business related field.
3 years of experience in a business function or role (e.g., strategic marketing, business operations, consulting).
3 years of experience in a role preparing and delivering technical presentations to senior leadership.
2 years of experience in software development or engineering.
2 years of experience working cross-functionally with engineering, UX/UI, sales finance, and other stakeholders.
1 year of experience in technical leadership. Experience with any of the following: AI, ML, NLP, NLU or voice-based digital assistant technology.
About the job
At Google, we put our users first. The world is always changing, so we need Product Managers who are continuously adapting and excited to work on products that affect millions of people every day. 
In this role, you will work cross-functionally to guide products from conception to launch by connecting the technical and business worlds. You can break down complex problems into steps that drive product development.
One of the many reasons Google consistently brings innovative, world-changing products to market is because of the collaborative work we do in Product Management. Our team works closely with creative engineers, designers, marketers, etc. to help design and develop technologies that improve access to the world's information.  We're responsible for guiding products throughout the execution cycle, focusing specifically on analyzing, positioning, packaging, promoting, and tailoring our solutions to our users.
Google aims to build products that organize the world's information and make it universally accessible to our users. As a Product Manager at Google, you could be working on new technologies, platforms, consumer facing products, and/or enterprise systems. The end goal will be to match you with the team that best aligns with your interests, experience, and where you will have the most impact.
The US base salary range for this full-time position is $142,000-$211,000 + bonus + equity + benefits. Our salary ranges are determined by role, level, and location. The range displayed on each job posting reflects the minimum and maximum target salaries for the position across all US locations. Within the range, individual pay is determined by work location and additional factors, including job-related skills, experience, and relevant education or training. Your recruiter can share more about the specific salary range for your preferred location during the hiring process.
Please note that the compensation details listed in US role postings reflect the base salary only, and do not include bonus, equity, or benefits. Learn more about 
benefits at Google
.
Responsibilities
Understand markets, competition, and user requirements in depth.
Launch new products and features, test their performance, and iterate quickly.
Work collaboratively with engineering, marketing, legal, UX, and other teams on cutting edge technologies.
Develop solutions to problems by collaborating as needed across regions, product areas, and functions.
Information collected and processed as part of your Google Careers profile, and any job applications you choose to submit is subject to Google's 
Applicant and Candidate Privacy Policy
.
Google is proud to be an equal opportunity and affirmative action employer. We are committed to building a workforce that is representative of the users we serve, creating a culture of belonging, and providing an equal employment opportunity regardless of race, creed, color, religion, gender, sexual orientation, gender identity/expression, national origin, disability, age, genetic information, veteran status, marital status, pregnancy or related condition (including breastfeeding), expecting or parents-to-be, criminal histories consistent with legal requirements, or any other basis protected by law. See also 
 Google's EEO Policy
, 
Know your rights: workplace discrimination is illegal
, 
Belonging at Google
, and 
How we hire
.
If you have a need that requires accommodation, please let us know by completing our 
Accommodations for Applicants form
.
Google is a global company and, in order to facilitate efficient collaboration and communication globally, English proficiency is a requirement for all roles unless stated otherwise in the job posting.
To all recruitment agencies: Google does not accept agency resumes. Please do not forward resumes to our jobs alias, Google employees, or any other organization location. Google is not responsible for any fees related to unsolicited resumes.
Follow Life at Google on
More about us
About us
open_in_new
Contact us
open_in_new
Press
open_in_new
Related Information
Investor relations
open_in_new
Blog
open_in_new
Equal Opportunity
Google is proud to be an equal opportunity and affirmative action employer. We are committed to building a workforce that is representative of the users we serve, creating a culture of belonging, and providing an equal employment opportunity regardless of race, creed, color, religion, gender, sexual orientation, gender identity/expression, national origin, disability, age, genetic information, veteran status, marital status, pregnancy or related condition (including breastfeeding), expecting or parents-to-be, criminal histories consistent with legal requirements, or any other basis protected by law. See also 
 Google's EEO Policy
, 
Know your rights: workplace discrimination is illegal
, 
Belonging at Google
, and 
How we hire
.
More about us
expand_more
Related information
expand_more
Equal opportunity
expand_more
Privacy
open_in_new
Applicant & Candidate Privacy
open_in_new
Terms
open_in_new
help
Help
open_in_new

Follow Life at Google on
More about us
About us
open_in_new
Contact us
open_in_new
Press
open_in_new
Related Information
Investor relations
open_in_new
Blog
open_in_new
Equal Opportunity
Google is proud to be an equal opportunity and affirmative action employer. We are committed to building a workforce that is representative of the users we serve, creating a culture of belonging, and providing an equal employment opportunity regardless of race, creed, color, religion, gender, sexual orientation, gender identity/expression, national origin, disability, age, genetic information, veteran status, marital status, pregnancy or related condition (including breastfeeding), expecting or parents-to-be, criminal histories consistent with legal requirements, or any other basis protected by law. See also 
 Google's EEO Policy
, 
Know your rights: workplace discrimination is illegal
, 
Belonging at Google
, and 
How we hire
.
More about us
expand_more
Related information
expand_more
Equal opportunity
expand_more
Privacy
open_in_new
Applicant & Candidate Privacy
open_in_new
Terms
open_in_new
help
Help
open_in_new








Main menu
Google apps"
Google,"Interaction Designer, Google Photos — Google Careers",https://www.google.com/about/careers/applications/jobs/results/129406342833021638-interaction-designer-google-photos?degree=BACHELORS&q=Software%20Engineer&employment_type=FULL_TIME&sort_by=date&target_level=EARLY&target_level=MID&location=New%20York%2C%20NY%2C%20USA&page=1,2024-07-24 01:30,2024-07-24 01:30,2024-07-24 01:30,"Interaction Designer, Google Photos — Google Careers






Careers
Careers
Skip to main content
Teams
Locations
Benefits
Jobs
Students
Your career
arrow_drop_down
Your career menu
Applications
Profile
Saved jobs
Job alerts
Sign in

Applications
Profile
Search jobs
Saved jobs
Job alerts
Teams
Locations
Benefits
Jobs
Students
Help
Send Feedback
job details
arrow_back
Back to jobs search
Jobs search results
34
  jobs matched
Field Sales Representative, Digital Assets, Google Cloud
New York, NY, USA
; Austin, TX, USA
; +3 more
; +2 more
Software Engineer III, Engineering Productivity, Google Ads
Mountain View, CA, USA
; New York, NY, USA
Senior Video Editing Software Engineer, Google Photos
Los Angeles, CA, USA
; New York, NY, USA
; +2 more
; +1 more
Product Manager I, Ads
Mountain View, CA, USA
; San Bruno, CA, USA
; +3 more
; +2 more
Technical Program Manager III, Software Engineering, Search
Mountain View, CA, USA
; New York, NY, USA
Brand Designer, Google Cloud, Marketing
San Francisco, CA, USA
; New York, NY, USA
; +2 more
; +1 more
Silicon Design Verification Engineer, Devices and Services
Mountain View, CA, USA
; Austin, TX, USA
; +2 more
; +1 more
Security Engineer, Cloud Vulnerability Research
New York, NY, USA
Security Researcher, Device Wireless Connectivity
Mountain View, CA, USA
; Kirkland, WA, USA
; +2 more
; +1 more
Field Sales Representative, Growth, Startups, Google Cloud
New York, NY, USA
Software Engineer III, Infrastructure, Google Ads
New York, NY, USA
Senior Developer Relations Engineer, Android, Passkeys Authentication
Mountain View, CA, USA
; Seattle, WA, USA
; +3 more
; +2 more
Product Manager II, Google Assistant
Mountain View, CA, USA
; New York, NY, USA
Interaction Designer, Google Photos
New York, NY, USA
Senior Software Engineer, Google Ads
Cambridge, MA, USA
; New York, NY, USA
Software Engineer II, Learning and Education
New York, NY, USA
Software Engineer III, Machine Learning, Google Ads
Mountain View, CA, USA
; Los Angeles, CA, USA
; +2 more
; +1 more
Software Engineer III, Google Ads
Mountain View, CA, USA
; Irvine, CA, USA
; +4 more
; +3 more
Senior Software Engineer, Generative AI, Google Cloud AI
Kirkland, WA, USA
; New York, NY, USA
; +2 more
; +1 more
Senior Software Engineer, Infrastructure, Google Cloud Storage
New York, NY, USA
1‑20 of 34
navigate_next
Follow Life at Google on
More about us
About us
open_in_new
Contact us
open_in_new
Press
open_in_new
Related Information
Investor relations
open_in_new
Blog
open_in_new
Equal Opportunity
Google is proud to be an equal opportunity and affirmative action employer. We are committed to building a workforce that is representative of the users we serve, creating a culture of belonging, and providing an equal employment opportunity regardless of race, creed, color, religion, gender, sexual orientation, gender identity/expression, national origin, disability, age, genetic information, veteran status, marital status, pregnancy or related condition (including breastfeeding), expecting or parents-to-be, criminal histories consistent with legal requirements, or any other basis protected by law. See also 
 Google's EEO Policy
, 
Know your rights: workplace discrimination is illegal
, 
Belonging at Google
, and 
How we hire
.
More about us
expand_more
Related information
expand_more
Equal opportunity
expand_more
Privacy
open_in_new
Applicant & Candidate Privacy
open_in_new
Terms
open_in_new
help
Help
open_in_new
arrow_back
Back to jobs search
Interaction Designer, Google Photos
share
link
Copy link
email
Email a friend
corporate_fare
Google
place
New York, NY, USA
bar_chart
Mid
Mid
Experience driving progress, solving problems, and mentoring more junior team members; deeper expertise and applied knowledge within relevant area.
Apply
share
link
Copy link
email
Email a friend
Minimum qualifications:
Bachelor's degree in Design, Human-Computer Interaction, Computer Science, a related field, or equivalent practical experience.
4 years of experience in product design or UX. 
Experience designing across multiple platforms, and working with technical/design teams to create user flows, wireframes, and building user interface mockups and prototypes.
Include a 
portfolio
, website, or any other relevant link to your work in your resume (providing a viewable link and/or access instructions).
Preferred qualifications:
Master's degree in Design, Human-Computer Interaction, Computer Science, a related field, or equivalent practical experience.




2 years of experience working in a complex, cross-functional organization.
1 year of experience leading design projects.

Problem-solving skills and familiarity with technical constraints and limitations as they apply to designing for platforms such as desktop and mobile (Android and iOS).
Ability to lead and ideate products from scratch and improve features within a user-centered design process.
Skills in communicating and influencing product design strategy.
About the job
At Google, we follow a simple but vital premise: ""Focus on the user and all else will follow."" Google’s Interaction Designers take complex tasks and make them intuitive and easy-to-use for billions of people around the globe. Throughout the design process—from creating user flows and wireframes to building user interface mockups and prototypes—you’ll envision how people will experience our products, and bring that vision to life in a way that feels inspired, refined, and even magical.
Google User Experience (UX) is made up of multi-disciplinary teams of UX Designers, Researchers, Writers, Content Strategists, Program Managers, and Engineers: we care deeply about  the people who use our products. The UX team plays an integral part in gathering insights about the attitudes, emotions, and behaviors of people who use our products to inspire and inform design. We collaborate closely with each other and with engineering and product management to create industry-leading products that deliver value for the people who use them, and for Google’s businesses.
As an Interaction Designer, you’ll rely on user-centered design methods to craft industry-leading user experiences—from concept to execution. Like all of our UX jobs, you’ll collaborate with your design partners to leverage and evolve the Google design language to build beautiful, innovative, inspired products that people love to use.
Google Photos is a photo sharing and storage service developed by Google. Photos is one of the most sought after products at Google and is looking for both client-side (web and mobile), with server-side (search, storage, serving) and machine intelligence (learning, computer vision) Software Engineers. We are dedicated to making Google experiences centered around the user.
The US base salary range for this full-time position is $122,000-$178,000 + bonus + equity + benefits. Our salary ranges are determined by role, level, and location. The range displayed on each job posting reflects the minimum and maximum target salaries for the position across all US locations. Within the range, individual pay is determined by work location and additional factors, including job-related skills, experience, and relevant education or training. Your recruiter can share more about the specific salary range for your preferred location during the hiring process.
Please note that the compensation details listed in US role postings reflect the base salary only, and do not include bonus, equity, or benefits. Learn more about 
benefits at Google
.
Responsibilities
Collaborate with product managers, engineers, and cross-functional stakeholders to understand requirements, and provide creative, thoughtful solutions.


Communicate the user experience at various stages of the design process with wireframes, flow diagrams, storyboards, mockups, and/or high fidelity prototypes.

Integrate user feedback and business requirements into ongoing product experience updates.

Advocate for the prioritization of design centered changes, refinements, and improvements.
Information collected and processed as part of your Google Careers profile, and any job applications you choose to submit is subject to Google's 
Applicant and Candidate Privacy Policy
.
Google is proud to be an equal opportunity and affirmative action employer. We are committed to building a workforce that is representative of the users we serve, creating a culture of belonging, and providing an equal employment opportunity regardless of race, creed, color, religion, gender, sexual orientation, gender identity/expression, national origin, disability, age, genetic information, veteran status, marital status, pregnancy or related condition (including breastfeeding), expecting or parents-to-be, criminal histories consistent with legal requirements, or any other basis protected by law. See also 
 Google's EEO Policy
, 
Know your rights: workplace discrimination is illegal
, 
Belonging at Google
, and 
How we hire
.
If you have a need that requires accommodation, please let us know by completing our 
Accommodations for Applicants form
.
Google is a global company and, in order to facilitate efficient collaboration and communication globally, English proficiency is a requirement for all roles unless stated otherwise in the job posting.
To all recruitment agencies: Google does not accept agency resumes. Please do not forward resumes to our jobs alias, Google employees, or any other organization location. Google is not responsible for any fees related to unsolicited resumes.
Follow Life at Google on
More about us
About us
open_in_new
Contact us
open_in_new
Press
open_in_new
Related Information
Investor relations
open_in_new
Blog
open_in_new
Equal Opportunity
Google is proud to be an equal opportunity and affirmative action employer. We are committed to building a workforce that is representative of the users we serve, creating a culture of belonging, and providing an equal employment opportunity regardless of race, creed, color, religion, gender, sexual orientation, gender identity/expression, national origin, disability, age, genetic information, veteran status, marital status, pregnancy or related condition (including breastfeeding), expecting or parents-to-be, criminal histories consistent with legal requirements, or any other basis protected by law. See also 
 Google's EEO Policy
, 
Know your rights: workplace discrimination is illegal
, 
Belonging at Google
, and 
How we hire
.
More about us
expand_more
Related information
expand_more
Equal opportunity
expand_more
Privacy
open_in_new
Applicant & Candidate Privacy
open_in_new
Terms
open_in_new
help
Help
open_in_new

Follow Life at Google on
More about us
About us
open_in_new
Contact us
open_in_new
Press
open_in_new
Related Information
Investor relations
open_in_new
Blog
open_in_new
Equal Opportunity
Google is proud to be an equal opportunity and affirmative action employer. We are committed to building a workforce that is representative of the users we serve, creating a culture of belonging, and providing an equal employment opportunity regardless of race, creed, color, religion, gender, sexual orientation, gender identity/expression, national origin, disability, age, genetic information, veteran status, marital status, pregnancy or related condition (including breastfeeding), expecting or parents-to-be, criminal histories consistent with legal requirements, or any other basis protected by law. See also 
 Google's EEO Policy
, 
Know your rights: workplace discrimination is illegal
, 
Belonging at Google
, and 
How we hire
.
More about us
expand_more
Related information
expand_more
Equal opportunity
expand_more
Privacy
open_in_new
Applicant & Candidate Privacy
open_in_new
Terms
open_in_new
help
Help
open_in_new








Main menu
Google apps"
Google,"Senior Software Engineer, Google Ads — Google Careers",https://www.google.com/about/careers/applications/jobs/results/139475805276119750-senior-software-engineer-google-ads?degree=BACHELORS&q=Software%20Engineer&employment_type=FULL_TIME&sort_by=date&target_level=EARLY&target_level=MID&location=New%20York%2C%20NY%2C%20USA&page=1,2024-07-24 01:30,2024-07-24 01:30,2024-07-24 01:30,"Senior Software Engineer, Google Ads — Google Careers






Careers
Careers
Skip to main content
Teams
Locations
Benefits
Jobs
Students
Your career
arrow_drop_down
Your career menu
Applications
Profile
Saved jobs
Job alerts
Sign in

Applications
Profile
Search jobs
Saved jobs
Job alerts
Teams
Locations
Benefits
Jobs
Students
Help
Send Feedback
job details
arrow_back
Back to jobs search
Jobs search results
34
  jobs matched
Field Sales Representative, Digital Assets, Google Cloud
New York, NY, USA
; Austin, TX, USA
; +3 more
; +2 more
Software Engineer III, Engineering Productivity, Google Ads
Mountain View, CA, USA
; New York, NY, USA
Senior Video Editing Software Engineer, Google Photos
Los Angeles, CA, USA
; New York, NY, USA
; +2 more
; +1 more
Product Manager I, Ads
Mountain View, CA, USA
; San Bruno, CA, USA
; +3 more
; +2 more
Technical Program Manager III, Software Engineering, Search
Mountain View, CA, USA
; New York, NY, USA
Brand Designer, Google Cloud, Marketing
San Francisco, CA, USA
; New York, NY, USA
; +2 more
; +1 more
Silicon Design Verification Engineer, Devices and Services
Mountain View, CA, USA
; Austin, TX, USA
; +2 more
; +1 more
Security Engineer, Cloud Vulnerability Research
New York, NY, USA
Security Researcher, Device Wireless Connectivity
Mountain View, CA, USA
; Kirkland, WA, USA
; +2 more
; +1 more
Field Sales Representative, Growth, Startups, Google Cloud
New York, NY, USA
Software Engineer III, Infrastructure, Google Ads
New York, NY, USA
Senior Developer Relations Engineer, Android, Passkeys Authentication
Mountain View, CA, USA
; Seattle, WA, USA
; +3 more
; +2 more
Product Manager II, Google Assistant
Mountain View, CA, USA
; New York, NY, USA
Interaction Designer, Google Photos
New York, NY, USA
Senior Software Engineer, Google Ads
Cambridge, MA, USA
; New York, NY, USA
Software Engineer II, Learning and Education
New York, NY, USA
Software Engineer III, Machine Learning, Google Ads
Mountain View, CA, USA
; Los Angeles, CA, USA
; +2 more
; +1 more
Software Engineer III, Google Ads
Mountain View, CA, USA
; Irvine, CA, USA
; +4 more
; +3 more
Senior Software Engineer, Generative AI, Google Cloud AI
Kirkland, WA, USA
; New York, NY, USA
; +2 more
; +1 more
Senior Software Engineer, Infrastructure, Google Cloud Storage
New York, NY, USA
1‑20 of 34
navigate_next
Follow Life at Google on
More about us
About us
open_in_new
Contact us
open_in_new
Press
open_in_new
Related Information
Investor relations
open_in_new
Blog
open_in_new
Equal Opportunity
Google is proud to be an equal opportunity and affirmative action employer. We are committed to building a workforce that is representative of the users we serve, creating a culture of belonging, and providing an equal employment opportunity regardless of race, creed, color, religion, gender, sexual orientation, gender identity/expression, national origin, disability, age, genetic information, veteran status, marital status, pregnancy or related condition (including breastfeeding), expecting or parents-to-be, criminal histories consistent with legal requirements, or any other basis protected by law. See also 
 Google's EEO Policy
, 
Know your rights: workplace discrimination is illegal
, 
Belonging at Google
, and 
How we hire
.
More about us
expand_more
Related information
expand_more
Equal opportunity
expand_more
Privacy
open_in_new
Applicant & Candidate Privacy
open_in_new
Terms
open_in_new
help
Help
open_in_new
arrow_back
Back to jobs search
Senior Software Engineer, Google Ads
share
link
Copy link
email
Email a friend
corporate_fare
Google
place
Cambridge, MA, USA
; New York, NY, USA
bar_chart
Mid
Mid
Experience driving progress, solving problems, and mentoring more junior team members; deeper expertise and applied knowledge within relevant area.
Apply
share
link
Copy link
email
Email a friend
info_outline
X
Info Note: By applying to this position you will have an opportunity to share your preferred working location from the following: Cambridge, MA, USA; New York, NY, USA.
Note: By applying to this position you will have an opportunity to share your preferred working location from the following: 
Cambridge, MA, USA; New York, NY, USA
.
Minimum qualifications:
Bachelor’s degree or equivalent practical experience.

5 years of experience with software development in one or more programming languages, and with data structures/algorithms.
3 years of experience testing, maintaining, or launching software products, and 1 year of experience with software design and architecture.

Preferred qualifications:
Master's degree or PhD in Computer Science or related technical field.

1 year of experience in a technical leadership role.

Experience developing accessible technologies.

About the job
Google's software engineers develop the next-generation technologies that change how billions of users connect, explore, and interact with information and one another. Our products need to handle information at massive scale, and extend well beyond web search. We're looking for engineers who bring fresh ideas from all areas, including information retrieval, distributed computing, large-scale system design, networking and data storage, security, artificial intelligence, natural language processing, UI design and mobile; the list goes on and is growing every day. As a software engineer, you will work on a specific project critical to Google’s needs with opportunities to switch teams and projects as you and our fast-paced business grow and evolve. We need our engineers to be versatile, display leadership qualities and be enthusiastic to take on new problems across the full-stack as we continue to push technology forward.
With your technical expertise you will manage project priorities, deadlines, and deliverables. You will design, develop, test, deploy, maintain, and enhance software solutions.

Google Ads is helping power the open internet with the best technology that connects and creates value for people, publishers, advertisers, and Google. We’re made up of multiple teams, building Google’s Advertising products including search, display, shopping, travel and video advertising, as well as analytics. Our teams create trusted experiences between people and businesses with useful ads. We help grow businesses of all sizes from small businesses, to large brands, to YouTube creators, with effective advertiser tools that deliver measurable results. We also enable Google to engage with customers at scale. 
The US base salary range for this full-time position is $161,000-$239,000 + bonus + equity + benefits. Our salary ranges are determined by role, level, and location. The range displayed on each job posting reflects the minimum and maximum target salaries for the position across all US locations. Within the range, individual pay is determined by work location and additional factors, including job-related skills, experience, and relevant education or training. Your recruiter can share more about the specific salary range for your preferred location during the hiring process.
Please note that the compensation details listed in US role postings reflect the base salary only, and do not include bonus, equity, or benefits. Learn more about 
benefits at Google
.
Responsibilities
Write and test product or system development code.
Participate in, or lead design reviews with peers and stakeholders to decide amongst available technologies.

Review code developed by other developers and provide feedback to ensure best practices (e.g., style guidelines, checking code in, accuracy, testability, and efficiency).
Contribute to existing documentation or educational content and adapt content based on product/program updates and user feedback.

Triage product or system issues and debug/track/resolve by analyzing the sources of issues and the impact on hardware, network, or service operations and quality.
Information collected and processed as part of your Google Careers profile, and any job applications you choose to submit is subject to Google's 
Applicant and Candidate Privacy Policy
.
Google is proud to be an equal opportunity and affirmative action employer. We are committed to building a workforce that is representative of the users we serve, creating a culture of belonging, and providing an equal employment opportunity regardless of race, creed, color, religion, gender, sexual orientation, gender identity/expression, national origin, disability, age, genetic information, veteran status, marital status, pregnancy or related condition (including breastfeeding), expecting or parents-to-be, criminal histories consistent with legal requirements, or any other basis protected by law. See also 
 Google's EEO Policy
, 
Know your rights: workplace discrimination is illegal
, 
Belonging at Google
, and 
How we hire
.
If you have a need that requires accommodation, please let us know by completing our 
Accommodations for Applicants form
.
Google is a global company and, in order to facilitate efficient collaboration and communication globally, English proficiency is a requirement for all roles unless stated otherwise in the job posting.
To all recruitment agencies: Google does not accept agency resumes. Please do not forward resumes to our jobs alias, Google employees, or any other organization location. Google is not responsible for any fees related to unsolicited resumes.
Follow Life at Google on
More about us
About us
open_in_new
Contact us
open_in_new
Press
open_in_new
Related Information
Investor relations
open_in_new
Blog
open_in_new
Equal Opportunity
Google is proud to be an equal opportunity and affirmative action employer. We are committed to building a workforce that is representative of the users we serve, creating a culture of belonging, and providing an equal employment opportunity regardless of race, creed, color, religion, gender, sexual orientation, gender identity/expression, national origin, disability, age, genetic information, veteran status, marital status, pregnancy or related condition (including breastfeeding), expecting or parents-to-be, criminal histories consistent with legal requirements, or any other basis protected by law. See also 
 Google's EEO Policy
, 
Know your rights: workplace discrimination is illegal
, 
Belonging at Google
, and 
How we hire
.
More about us
expand_more
Related information
expand_more
Equal opportunity
expand_more
Privacy
open_in_new
Applicant & Candidate Privacy
open_in_new
Terms
open_in_new
help
Help
open_in_new

Follow Life at Google on
More about us
About us
open_in_new
Contact us
open_in_new
Press
open_in_new
Related Information
Investor relations
open_in_new
Blog
open_in_new
Equal Opportunity
Google is proud to be an equal opportunity and affirmative action employer. We are committed to building a workforce that is representative of the users we serve, creating a culture of belonging, and providing an equal employment opportunity regardless of race, creed, color, religion, gender, sexual orientation, gender identity/expression, national origin, disability, age, genetic information, veteran status, marital status, pregnancy or related condition (including breastfeeding), expecting or parents-to-be, criminal histories consistent with legal requirements, or any other basis protected by law. See also 
 Google's EEO Policy
, 
Know your rights: workplace discrimination is illegal
, 
Belonging at Google
, and 
How we hire
.
More about us
expand_more
Related information
expand_more
Equal opportunity
expand_more
Privacy
open_in_new
Applicant & Candidate Privacy
open_in_new
Terms
open_in_new
help
Help
open_in_new








Main menu
Google apps"
Google,"Software Engineer II, Learning and Education — Google Careers",https://www.google.com/about/careers/applications/jobs/results/94783941646394054-software-engineer-ii-learning-and-education?degree=BACHELORS&q=Software%20Engineer&employment_type=FULL_TIME&sort_by=date&target_level=EARLY&target_level=MID&location=New%20York%2C%20NY%2C%20USA&page=1,2024-07-24 01:30,2024-07-24 01:30,2024-07-24 01:30,"Software Engineer II, Learning and Education — Google Careers






Careers
Careers
Skip to main content
Teams
Locations
Benefits
Jobs
Students
Your career
arrow_drop_down
Your career menu
Applications
Profile
Saved jobs
Job alerts
Sign in

Applications
Profile
Search jobs
Saved jobs
Job alerts
Teams
Locations
Benefits
Jobs
Students
Help
Send Feedback
job details
arrow_back
Back to jobs search
Jobs search results
34
  jobs matched
Field Sales Representative, Digital Assets, Google Cloud
New York, NY, USA
; Austin, TX, USA
; +3 more
; +2 more
Software Engineer III, Engineering Productivity, Google Ads
Mountain View, CA, USA
; New York, NY, USA
Senior Video Editing Software Engineer, Google Photos
Los Angeles, CA, USA
; New York, NY, USA
; +2 more
; +1 more
Product Manager I, Ads
Mountain View, CA, USA
; San Bruno, CA, USA
; +3 more
; +2 more
Technical Program Manager III, Software Engineering, Search
Mountain View, CA, USA
; New York, NY, USA
Brand Designer, Google Cloud, Marketing
San Francisco, CA, USA
; New York, NY, USA
; +2 more
; +1 more
Silicon Design Verification Engineer, Devices and Services
Mountain View, CA, USA
; Austin, TX, USA
; +2 more
; +1 more
Security Engineer, Cloud Vulnerability Research
New York, NY, USA
Security Researcher, Device Wireless Connectivity
Mountain View, CA, USA
; Kirkland, WA, USA
; +2 more
; +1 more
Field Sales Representative, Growth, Startups, Google Cloud
New York, NY, USA
Software Engineer III, Infrastructure, Google Ads
New York, NY, USA
Senior Developer Relations Engineer, Android, Passkeys Authentication
Mountain View, CA, USA
; Seattle, WA, USA
; +3 more
; +2 more
Product Manager II, Google Assistant
Mountain View, CA, USA
; New York, NY, USA
Interaction Designer, Google Photos
New York, NY, USA
Senior Software Engineer, Google Ads
Cambridge, MA, USA
; New York, NY, USA
Software Engineer II, Learning and Education
New York, NY, USA
Software Engineer III, Machine Learning, Google Ads
Mountain View, CA, USA
; Los Angeles, CA, USA
; +2 more
; +1 more
Software Engineer III, Google Ads
Mountain View, CA, USA
; Irvine, CA, USA
; +4 more
; +3 more
Senior Software Engineer, Generative AI, Google Cloud AI
Kirkland, WA, USA
; New York, NY, USA
; +2 more
; +1 more
Senior Software Engineer, Infrastructure, Google Cloud Storage
New York, NY, USA
1‑20 of 34
navigate_next
Follow Life at Google on
More about us
About us
open_in_new
Contact us
open_in_new
Press
open_in_new
Related Information
Investor relations
open_in_new
Blog
open_in_new
Equal Opportunity
Google is proud to be an equal opportunity and affirmative action employer. We are committed to building a workforce that is representative of the users we serve, creating a culture of belonging, and providing an equal employment opportunity regardless of race, creed, color, religion, gender, sexual orientation, gender identity/expression, national origin, disability, age, genetic information, veteran status, marital status, pregnancy or related condition (including breastfeeding), expecting or parents-to-be, criminal histories consistent with legal requirements, or any other basis protected by law. See also 
 Google's EEO Policy
, 
Know your rights: workplace discrimination is illegal
, 
Belonging at Google
, and 
How we hire
.
More about us
expand_more
Related information
expand_more
Equal opportunity
expand_more
Privacy
open_in_new
Applicant & Candidate Privacy
open_in_new
Terms
open_in_new
help
Help
open_in_new
arrow_back
Back to jobs search
Software Engineer II, Learning and Education
share
link
Copy link
email
Email a friend
corporate_fare
Google
place
New York, NY, USA
bar_chart
Early
Early
Experience completing work as directed, and collaborating with teammates; developing knowledge of relevant concepts and processes.
Apply
share
link
Copy link
email
Email a friend
Minimum qualifications:
Bachelor’s degree or equivalent practical experience.
1 year of experience with fullstack software development in one or more programming languages (e.g., C++, Java, JavaScript, Typescript).
Experience building AI-powered products, featuring technologies such as long context windows, Retrieval Augmented Generation (RAG), or similar.
Experience with cloud infrastructure (e.g., GCP, Vertex AI or App Engine), API frameworks (e.g., RPC), containerization (e.g., Docker, Kubernetes), or related technologies.
Preferred qualifications:
Master's degree in Computer Science or related technical field.
Experience writing fullstack code, including both front-end (JavaScript, TypeScript) and back-end (implement databases and APIs).
Experience driving A/B testing for user-facing features, using feedback and data to drive continuous improvement.
Experience building products, and the ability to learn quickly, adapt to new technologies, and grow in a fast-paced environment.
Ability to collaborate with cross-functional teams (PM/UX) to rapidly prototype and validate product ideas.
About the job
Google's software engineers develop the next-generation technologies that change how billions of users connect, explore, and interact with information and one another. Our products need to handle information at massive scale, and extend well beyond web search. We're looking for engineers who bring fresh ideas from all areas, including information retrieval, distributed computing, large-scale system design, networking and data storage, security, artificial intelligence, natural language processing, UI design and mobile; the list goes on and is growing every day. As a software engineer, you will work on a specific project critical to Google’s needs with opportunities to switch teams and projects as you and our fast-paced business grow and evolve. We need our engineers to be versatile, display leadership qualities and be enthusiastic to take on new problems across the full-stack as we continue to push technology forward.
Learning is the ongoing quest for understanding, and we made it our mission more than 20 years ago to organize the world’s information to make it universally accessible and useful. The learning landscape is changing, and the Learning and Education team's mission is to help everyone in the world learn anything in the world. We provide the information, tools, and services that help people gain knowledge, fuel curiosity, and prepare for what’s next. We focus our work to add the most value for users to enable learning for school, work, and life. We believe everyone can and should have access to quality learning experiences to reach their full potential.
The US base salary range for this full-time position is $114,000-$168,000 + bonus + equity + benefits. Our salary ranges are determined by role, level, and location. The range displayed on each job posting reflects the minimum and maximum target salaries for the position across all US locations. Within the range, individual pay is determined by work location and additional factors, including job-related skills, experience, and relevant education or training. Your recruiter can share more about the specific salary range for your preferred location during the hiring process.
Please note that the compensation details listed in US role postings reflect the base salary only, and do not include bonus, equity, or benefits. Learn more about 
benefits at Google
.
Responsibilities
Write product or system development code.
Review code developed by other developers and provide feedback to ensure best practices (e.g., style guidelines, checking code in, accuracy, testability, and efficiency).
Contribute to existing documentation or educational content and adapt content based on product/program updates and user feedback.
Collaborate with experienced engineers to develop and test cutting-edge AI models designed to enhance personalized learning experiences.
Refine and adapt prototypes based on insights gathered from user feedback and cross-functional teams.
Information collected and processed as part of your Google Careers profile, and any job applications you choose to submit is subject to Google's 
Applicant and Candidate Privacy Policy
.
Google is proud to be an equal opportunity and affirmative action employer. We are committed to building a workforce that is representative of the users we serve, creating a culture of belonging, and providing an equal employment opportunity regardless of race, creed, color, religion, gender, sexual orientation, gender identity/expression, national origin, disability, age, genetic information, veteran status, marital status, pregnancy or related condition (including breastfeeding), expecting or parents-to-be, criminal histories consistent with legal requirements, or any other basis protected by law. See also 
 Google's EEO Policy
, 
Know your rights: workplace discrimination is illegal
, 
Belonging at Google
, and 
How we hire
.
If you have a need that requires accommodation, please let us know by completing our 
Accommodations for Applicants form
.
Google is a global company and, in order to facilitate efficient collaboration and communication globally, English proficiency is a requirement for all roles unless stated otherwise in the job posting.
To all recruitment agencies: Google does not accept agency resumes. Please do not forward resumes to our jobs alias, Google employees, or any other organization location. Google is not responsible for any fees related to unsolicited resumes.
Follow Life at Google on
More about us
About us
open_in_new
Contact us
open_in_new
Press
open_in_new
Related Information
Investor relations
open_in_new
Blog
open_in_new
Equal Opportunity
Google is proud to be an equal opportunity and affirmative action employer. We are committed to building a workforce that is representative of the users we serve, creating a culture of belonging, and providing an equal employment opportunity regardless of race, creed, color, religion, gender, sexual orientation, gender identity/expression, national origin, disability, age, genetic information, veteran status, marital status, pregnancy or related condition (including breastfeeding), expecting or parents-to-be, criminal histories consistent with legal requirements, or any other basis protected by law. See also 
 Google's EEO Policy
, 
Know your rights: workplace discrimination is illegal
, 
Belonging at Google
, and 
How we hire
.
More about us
expand_more
Related information
expand_more
Equal opportunity
expand_more
Privacy
open_in_new
Applicant & Candidate Privacy
open_in_new
Terms
open_in_new
help
Help
open_in_new

Follow Life at Google on
More about us
About us
open_in_new
Contact us
open_in_new
Press
open_in_new
Related Information
Investor relations
open_in_new
Blog
open_in_new
Equal Opportunity
Google is proud to be an equal opportunity and affirmative action employer. We are committed to building a workforce that is representative of the users we serve, creating a culture of belonging, and providing an equal employment opportunity regardless of race, creed, color, religion, gender, sexual orientation, gender identity/expression, national origin, disability, age, genetic information, veteran status, marital status, pregnancy or related condition (including breastfeeding), expecting or parents-to-be, criminal histories consistent with legal requirements, or any other basis protected by law. See also 
 Google's EEO Policy
, 
Know your rights: workplace discrimination is illegal
, 
Belonging at Google
, and 
How we hire
.
More about us
expand_more
Related information
expand_more
Equal opportunity
expand_more
Privacy
open_in_new
Applicant & Candidate Privacy
open_in_new
Terms
open_in_new
help
Help
open_in_new








Main menu
Google apps"
Google,"Software Engineer III, Machine Learning, Google Ads — Google Careers",https://www.google.com/about/careers/applications/jobs/results/130946730028868294-software-engineer-iii-machine-learning-google-ads?degree=BACHELORS&q=Software%20Engineer&employment_type=FULL_TIME&sort_by=date&target_level=EARLY&target_level=MID&location=New%20York%2C%20NY%2C%20USA&page=1,2024-07-24 01:30,2024-07-24 01:30,2024-07-24 01:30,"Software Engineer III, Machine Learning, Google Ads — Google Careers






Careers
Careers
Skip to main content
Teams
Locations
Benefits
Jobs
Students
Your career
arrow_drop_down
Your career menu
Applications
Profile
Saved jobs
Job alerts
Sign in

Applications
Profile
Search jobs
Saved jobs
Job alerts
Teams
Locations
Benefits
Jobs
Students
Help
Send Feedback
job details
arrow_back
Back to jobs search
Jobs search results
34
  jobs matched
Field Sales Representative, Digital Assets, Google Cloud
New York, NY, USA
; Austin, TX, USA
; +3 more
; +2 more
Software Engineer III, Engineering Productivity, Google Ads
Mountain View, CA, USA
; New York, NY, USA
Senior Video Editing Software Engineer, Google Photos
Los Angeles, CA, USA
; New York, NY, USA
; +2 more
; +1 more
Product Manager I, Ads
Mountain View, CA, USA
; San Bruno, CA, USA
; +3 more
; +2 more
Technical Program Manager III, Software Engineering, Search
Mountain View, CA, USA
; New York, NY, USA
Brand Designer, Google Cloud, Marketing
San Francisco, CA, USA
; New York, NY, USA
; +2 more
; +1 more
Silicon Design Verification Engineer, Devices and Services
Mountain View, CA, USA
; Austin, TX, USA
; +2 more
; +1 more
Security Engineer, Cloud Vulnerability Research
New York, NY, USA
Security Researcher, Device Wireless Connectivity
Mountain View, CA, USA
; Kirkland, WA, USA
; +2 more
; +1 more
Field Sales Representative, Growth, Startups, Google Cloud
New York, NY, USA
Software Engineer III, Infrastructure, Google Ads
New York, NY, USA
Senior Developer Relations Engineer, Android, Passkeys Authentication
Mountain View, CA, USA
; Seattle, WA, USA
; +3 more
; +2 more
Product Manager II, Google Assistant
Mountain View, CA, USA
; New York, NY, USA
Interaction Designer, Google Photos
New York, NY, USA
Senior Software Engineer, Google Ads
Cambridge, MA, USA
; New York, NY, USA
Software Engineer II, Learning and Education
New York, NY, USA
Software Engineer III, Machine Learning, Google Ads
Mountain View, CA, USA
; Los Angeles, CA, USA
; +2 more
; +1 more
Software Engineer III, Google Ads
Mountain View, CA, USA
; Irvine, CA, USA
; +4 more
; +3 more
Senior Software Engineer, Generative AI, Google Cloud AI
Kirkland, WA, USA
; New York, NY, USA
; +2 more
; +1 more
Senior Software Engineer, Infrastructure, Google Cloud Storage
New York, NY, USA
1‑20 of 34
navigate_next
Follow Life at Google on
More about us
About us
open_in_new
Contact us
open_in_new
Press
open_in_new
Related Information
Investor relations
open_in_new
Blog
open_in_new
Equal Opportunity
Google is proud to be an equal opportunity and affirmative action employer. We are committed to building a workforce that is representative of the users we serve, creating a culture of belonging, and providing an equal employment opportunity regardless of race, creed, color, religion, gender, sexual orientation, gender identity/expression, national origin, disability, age, genetic information, veteran status, marital status, pregnancy or related condition (including breastfeeding), expecting or parents-to-be, criminal histories consistent with legal requirements, or any other basis protected by law. See also 
 Google's EEO Policy
, 
Know your rights: workplace discrimination is illegal
, 
Belonging at Google
, and 
How we hire
.
More about us
expand_more
Related information
expand_more
Equal opportunity
expand_more
Privacy
open_in_new
Applicant & Candidate Privacy
open_in_new
Terms
open_in_new
help
Help
open_in_new
arrow_back
Back to jobs search
Software Engineer III, Machine Learning, Google Ads
share
link
Copy link
email
Email a friend
corporate_fare
Google
place
Mountain View, CA, USA
; Los Angeles, CA, USA
; +2 more
; +1 more
bar_chart
Mid
Mid
Experience driving progress, solving problems, and mentoring more junior team members; deeper expertise and applied knowledge within relevant area.
Apply
share
link
Copy link
email
Email a friend
info_outline
X
Info Note: By applying to this position you will have an opportunity to share your preferred working location from the following: Mountain View, CA, USA; Los Angeles, CA, USA; New York, NY, USA.
Note: By applying to this position you will have an opportunity to share your preferred working location from the following: 
Mountain View, CA, USA; Los Angeles, CA, USA; New York, NY, USA
.
Minimum qualifications:
Bachelor’s degree or equivalent practical experience.


2 years of experience with software development in one or more programming languages, or 1 year of experience with an advanced degree in an industry setting. 
2 years of experience with data structures or algorithms in either an academic or industry setting. 
2 years of experience with machine learning algorithms and tools (e.g., TensorFlow), artificial intelligence, deep learning or natural language processing. 
Preferred qualifications:
Master's degree or PhD in Computer Science or related technical field.


2 years of experience with performance, large scale systems data analysis, visualization tools, or debugging. 
Experience developing accessible technologies. 
Proficiency in code and system health, diagnosis and resolution, and software test engineering. 
About the job
Google's software engineers develop the next-generation technologies that change how billions of users connect, explore, and interact with information and one another. Our products need to handle information at massive scale, and extend well beyond web search. We're looking for engineers who bring fresh ideas from all areas, including information retrieval, distributed computing, large-scale system design, networking and data storage, security, artificial intelligence, natural language processing, UI design and mobile; the list goes on and is growing every day. As a software engineer, you will work on a specific project critical to Google’s needs with opportunities to switch teams and projects as you and our fast-paced business grow and evolve. We need our engineers to be versatile, display leadership qualities and be enthusiastic to take on new problems across the full-stack as we continue to push technology forward.
With your technical expertise you will manage project priorities, deadlines, and deliverables. You will design, develop, test, deploy, maintain, and enhance software solutions.

Google Ads is helping power the open internet with the best technology that connects and creates value for people, publishers, advertisers, and Google. We’re made up of multiple teams, building Google’s Advertising products including search, display, shopping, travel and video advertising, as well as analytics. Our teams create trusted experiences between people and businesses with useful ads. We help grow businesses of all sizes from small businesses, to large brands, to YouTube creators, with effective advertiser tools that deliver measurable results. We also enable Google to engage with customers at scale.
The US base salary range for this full-time position is $136,000-$200,000 + bonus + equity + benefits. Our salary ranges are determined by role, level, and location. The range displayed on each job posting reflects the minimum and maximum target for new hire salaries for the position across all US locations. Within the range, individual pay is determined by work location and additional factors, including job-related skills, experience, and relevant education or training. Your recruiter can share more about the specific salary range for your preferred location during the hiring process. 
Please note that the compensation details listed in US role postings reflect the base salary only, and do not include bonus, equity, or benefits. Learn more about 
benefits at Google
.
Responsibilities
Write product or system development code.

Participate in, or lead design reviews with peers and stakeholders to decide amongst available technologies.

Review code developed by other developers and provide feedback to ensure best practices (e.g., style guidelines, checking code in, accuracy, testability, and efficiency).

Contribute to existing documentation or educational content and adapt content based on product/program updates and user feedback.


Triage product or system issues and debug/track/resolve by analyzing the sources of issues and the impact on hardware, network, or service operations and quality.
Information collected and processed as part of your Google Careers profile, and any job applications you choose to submit is subject to Google's 
Applicant and Candidate Privacy Policy
.
Google is proud to be an equal opportunity and affirmative action employer. We are committed to building a workforce that is representative of the users we serve, creating a culture of belonging, and providing an equal employment opportunity regardless of race, creed, color, religion, gender, sexual orientation, gender identity/expression, national origin, disability, age, genetic information, veteran status, marital status, pregnancy or related condition (including breastfeeding), expecting or parents-to-be, criminal histories consistent with legal requirements, or any other basis protected by law. See also 
 Google's EEO Policy
, 
Know your rights: workplace discrimination is illegal
, 
Belonging at Google
, and 
How we hire
.
If you have a need that requires accommodation, please let us know by completing our 
Accommodations for Applicants form
.
Google is a global company and, in order to facilitate efficient collaboration and communication globally, English proficiency is a requirement for all roles unless stated otherwise in the job posting.
To all recruitment agencies: Google does not accept agency resumes. Please do not forward resumes to our jobs alias, Google employees, or any other organization location. Google is not responsible for any fees related to unsolicited resumes.
Follow Life at Google on
More about us
About us
open_in_new
Contact us
open_in_new
Press
open_in_new
Related Information
Investor relations
open_in_new
Blog
open_in_new
Equal Opportunity
Google is proud to be an equal opportunity and affirmative action employer. We are committed to building a workforce that is representative of the users we serve, creating a culture of belonging, and providing an equal employment opportunity regardless of race, creed, color, religion, gender, sexual orientation, gender identity/expression, national origin, disability, age, genetic information, veteran status, marital status, pregnancy or related condition (including breastfeeding), expecting or parents-to-be, criminal histories consistent with legal requirements, or any other basis protected by law. See also 
 Google's EEO Policy
, 
Know your rights: workplace discrimination is illegal
, 
Belonging at Google
, and 
How we hire
.
More about us
expand_more
Related information
expand_more
Equal opportunity
expand_more
Privacy
open_in_new
Applicant & Candidate Privacy
open_in_new
Terms
open_in_new
help
Help
open_in_new

Follow Life at Google on
More about us
About us
open_in_new
Contact us
open_in_new
Press
open_in_new
Related Information
Investor relations
open_in_new
Blog
open_in_new
Equal Opportunity
Google is proud to be an equal opportunity and affirmative action employer. We are committed to building a workforce that is representative of the users we serve, creating a culture of belonging, and providing an equal employment opportunity regardless of race, creed, color, religion, gender, sexual orientation, gender identity/expression, national origin, disability, age, genetic information, veteran status, marital status, pregnancy or related condition (including breastfeeding), expecting or parents-to-be, criminal histories consistent with legal requirements, or any other basis protected by law. See also 
 Google's EEO Policy
, 
Know your rights: workplace discrimination is illegal
, 
Belonging at Google
, and 
How we hire
.
More about us
expand_more
Related information
expand_more
Equal opportunity
expand_more
Privacy
open_in_new
Applicant & Candidate Privacy
open_in_new
Terms
open_in_new
help
Help
open_in_new








Main menu
Google apps"
Google,"Software Engineer III, Google Ads — Google Careers",https://www.google.com/about/careers/applications/jobs/results/81273301470454470-software-engineer-iii-google-ads?degree=BACHELORS&q=Software%20Engineer&employment_type=FULL_TIME&sort_by=date&target_level=EARLY&target_level=MID&location=New%20York%2C%20NY%2C%20USA&page=1,2024-07-24 01:30,2024-07-24 01:30,2024-07-24 01:30,"Software Engineer III, Google Ads — Google Careers






Careers
Careers
Skip to main content
Teams
Locations
Benefits
Jobs
Students
Your career
arrow_drop_down
Your career menu
Applications
Profile
Saved jobs
Job alerts
Sign in

Applications
Profile
Search jobs
Saved jobs
Job alerts
Teams
Locations
Benefits
Jobs
Students
Help
Send Feedback
job details
arrow_back
Back to jobs search
Jobs search results
34
  jobs matched
Field Sales Representative, Digital Assets, Google Cloud
New York, NY, USA
; Austin, TX, USA
; +3 more
; +2 more
Software Engineer III, Engineering Productivity, Google Ads
Mountain View, CA, USA
; New York, NY, USA
Senior Video Editing Software Engineer, Google Photos
Los Angeles, CA, USA
; New York, NY, USA
; +2 more
; +1 more
Product Manager I, Ads
Mountain View, CA, USA
; San Bruno, CA, USA
; +3 more
; +2 more
Technical Program Manager III, Software Engineering, Search
Mountain View, CA, USA
; New York, NY, USA
Brand Designer, Google Cloud, Marketing
San Francisco, CA, USA
; New York, NY, USA
; +2 more
; +1 more
Silicon Design Verification Engineer, Devices and Services
Mountain View, CA, USA
; Austin, TX, USA
; +2 more
; +1 more
Security Engineer, Cloud Vulnerability Research
New York, NY, USA
Security Researcher, Device Wireless Connectivity
Mountain View, CA, USA
; Kirkland, WA, USA
; +2 more
; +1 more
Field Sales Representative, Growth, Startups, Google Cloud
New York, NY, USA
Software Engineer III, Infrastructure, Google Ads
New York, NY, USA
Senior Developer Relations Engineer, Android, Passkeys Authentication
Mountain View, CA, USA
; Seattle, WA, USA
; +3 more
; +2 more
Product Manager II, Google Assistant
Mountain View, CA, USA
; New York, NY, USA
Interaction Designer, Google Photos
New York, NY, USA
Senior Software Engineer, Google Ads
Cambridge, MA, USA
; New York, NY, USA
Software Engineer II, Learning and Education
New York, NY, USA
Software Engineer III, Machine Learning, Google Ads
Mountain View, CA, USA
; Los Angeles, CA, USA
; +2 more
; +1 more
Software Engineer III, Google Ads
Mountain View, CA, USA
; Irvine, CA, USA
; +4 more
; +3 more
Senior Software Engineer, Generative AI, Google Cloud AI
Kirkland, WA, USA
; New York, NY, USA
; +2 more
; +1 more
Senior Software Engineer, Infrastructure, Google Cloud Storage
New York, NY, USA
1‑20 of 34
navigate_next
Follow Life at Google on
More about us
About us
open_in_new
Contact us
open_in_new
Press
open_in_new
Related Information
Investor relations
open_in_new
Blog
open_in_new
Equal Opportunity
Google is proud to be an equal opportunity and affirmative action employer. We are committed to building a workforce that is representative of the users we serve, creating a culture of belonging, and providing an equal employment opportunity regardless of race, creed, color, religion, gender, sexual orientation, gender identity/expression, national origin, disability, age, genetic information, veteran status, marital status, pregnancy or related condition (including breastfeeding), expecting or parents-to-be, criminal histories consistent with legal requirements, or any other basis protected by law. See also 
 Google's EEO Policy
, 
Know your rights: workplace discrimination is illegal
, 
Belonging at Google
, and 
How we hire
.
More about us
expand_more
Related information
expand_more
Equal opportunity
expand_more
Privacy
open_in_new
Applicant & Candidate Privacy
open_in_new
Terms
open_in_new
help
Help
open_in_new
arrow_back
Back to jobs search
Software Engineer III, Google Ads
share
link
Copy link
email
Email a friend
corporate_fare
Google
place
Mountain View, CA, USA
; Irvine, CA, USA
; +4 more
; +3 more
bar_chart
Mid
Mid
Experience driving progress, solving problems, and mentoring more junior team members; deeper expertise and applied knowledge within relevant area.
Apply
share
link
Copy link
email
Email a friend
info_outline
X
Info Note: By applying to this position you will have an opportunity to share your preferred working location from the following: Mountain View, CA, USA; Irvine, CA, USA; Los Angeles, CA, USA; Pittsburgh, PA, USA; New York, NY, USA.
Note: By applying to this position you will have an opportunity to share your preferred working location from the following: 
Mountain View, CA, USA; Irvine, CA, USA; Los Angeles, CA, USA; Pittsburgh, PA, USA; New York, NY, USA
.
Minimum qualifications:
Bachelor’s degree or equivalent practical experience.
2 years of experience with software development in one or more programming languages, or 1 year of experience with an advanced degree in an industry setting. 
2 years of experience with data structures or algorithms in either an academic or industry setting. 
Preferred qualifications:
Master's degree or PhD in Computer Science or related technical field.
2 years of experience with performance, large scale systems data analysis, visualization tools, or debugging. 
Experience developing accessible technologies. 
Proficiency in code and system health, diagnosis and resolution, and software test engineering. 
About the job
Google's software engineers develop the next-generation technologies that change how billions of users connect, explore, and interact with information and one another. Our products need to handle information at massive scale, and extend well beyond web search. We're looking for engineers who bring fresh ideas from all areas, including information retrieval, distributed computing, large-scale system design, networking and data storage, security, artificial intelligence, natural language processing, UI design and mobile; the list goes on and is growing every day. As a software engineer, you will work on a specific project critical to Google’s needs with opportunities to switch teams and projects as you and our fast-paced business grow and evolve. We need our engineers to be versatile, display leadership qualities and be enthusiastic to take on new problems across the full-stack as we continue to push technology forward.
The Google Ads Mission is “Powering the open and free internet with the best technology that connects users and businesses everywhere.” Google Ads operates across several countries and is composed of the following engineering teams: Search Ads, Display, Video Ads and Apps (AViD), YouTube Ads, Analytics, Insights & Measurements (AIM),  Ads Privacy & Safety (APaS), Commerce, Travel and Customer Engagement, and two Departments: Reach UX and Ads Engineering Productivity.
Google Ads is helping power the open internet with the best technology that connects and creates value for people, publishers, advertisers, and Google. We’re made up of multiple teams, building Google’s Advertising products including search, display, shopping, travel and video advertising, as well as analytics. Our teams create trusted experiences between people and businesses with useful ads. We help grow businesses of all sizes from small businesses, to large brands, to YouTube creators, with effective advertiser tools that deliver measurable results. We also enable Google to engage with customers at scale. 
The US base salary range for this full-time position is $136,000-$200,000 + bonus + equity + benefits. Our salary ranges are determined by role, level, and location. The range displayed on each job posting reflects the minimum and maximum target salaries for the position across all US locations. Within the range, individual pay is determined by work location and additional factors, including job-related skills, experience, and relevant education or training. Your recruiter can share more about the specific salary range for your preferred location during the hiring process.

Please note that the compensation details listed in US role postings reflect the base salary only, and do not include bonus, equity, or benefits. Learn more about 
benefits at Google
. 
Responsibilities
Design, develop, test, deploy, maintain, and improve software. 

Manage individual project priorities, deadlines, and deliverables. 
Information collected and processed as part of your Google Careers profile, and any job applications you choose to submit is subject to Google's 
Applicant and Candidate Privacy Policy
.
Google is proud to be an equal opportunity and affirmative action employer. We are committed to building a workforce that is representative of the users we serve, creating a culture of belonging, and providing an equal employment opportunity regardless of race, creed, color, religion, gender, sexual orientation, gender identity/expression, national origin, disability, age, genetic information, veteran status, marital status, pregnancy or related condition (including breastfeeding), expecting or parents-to-be, criminal histories consistent with legal requirements, or any other basis protected by law. See also 
 Google's EEO Policy
, 
Know your rights: workplace discrimination is illegal
, 
Belonging at Google
, and 
How we hire
.
If you have a need that requires accommodation, please let us know by completing our 
Accommodations for Applicants form
.
Google is a global company and, in order to facilitate efficient collaboration and communication globally, English proficiency is a requirement for all roles unless stated otherwise in the job posting.
To all recruitment agencies: Google does not accept agency resumes. Please do not forward resumes to our jobs alias, Google employees, or any other organization location. Google is not responsible for any fees related to unsolicited resumes.
Follow Life at Google on
More about us
About us
open_in_new
Contact us
open_in_new
Press
open_in_new
Related Information
Investor relations
open_in_new
Blog
open_in_new
Equal Opportunity
Google is proud to be an equal opportunity and affirmative action employer. We are committed to building a workforce that is representative of the users we serve, creating a culture of belonging, and providing an equal employment opportunity regardless of race, creed, color, religion, gender, sexual orientation, gender identity/expression, national origin, disability, age, genetic information, veteran status, marital status, pregnancy or related condition (including breastfeeding), expecting or parents-to-be, criminal histories consistent with legal requirements, or any other basis protected by law. See also 
 Google's EEO Policy
, 
Know your rights: workplace discrimination is illegal
, 
Belonging at Google
, and 
How we hire
.
More about us
expand_more
Related information
expand_more
Equal opportunity
expand_more
Privacy
open_in_new
Applicant & Candidate Privacy
open_in_new
Terms
open_in_new
help
Help
open_in_new

Follow Life at Google on
More about us
About us
open_in_new
Contact us
open_in_new
Press
open_in_new
Related Information
Investor relations
open_in_new
Blog
open_in_new
Equal Opportunity
Google is proud to be an equal opportunity and affirmative action employer. We are committed to building a workforce that is representative of the users we serve, creating a culture of belonging, and providing an equal employment opportunity regardless of race, creed, color, religion, gender, sexual orientation, gender identity/expression, national origin, disability, age, genetic information, veteran status, marital status, pregnancy or related condition (including breastfeeding), expecting or parents-to-be, criminal histories consistent with legal requirements, or any other basis protected by law. See also 
 Google's EEO Policy
, 
Know your rights: workplace discrimination is illegal
, 
Belonging at Google
, and 
How we hire
.
More about us
expand_more
Related information
expand_more
Equal opportunity
expand_more
Privacy
open_in_new
Applicant & Candidate Privacy
open_in_new
Terms
open_in_new
help
Help
open_in_new








Main menu
Google apps"
Google,"Senior Software Engineer, Generative AI, Google Cloud AI — Google Careers",https://www.google.com/about/careers/applications/jobs/results/75778780819268294-senior-software-engineer-generative-ai-google-cloud-ai?degree=BACHELORS&q=Software%20Engineer&employment_type=FULL_TIME&sort_by=date&target_level=EARLY&target_level=MID&location=New%20York%2C%20NY%2C%20USA&page=1,2024-07-24 01:30,2024-07-24 01:30,2024-07-24 01:30,"Senior Software Engineer, Generative AI, Google Cloud AI — Google Careers






Careers
Careers
Skip to main content
Teams
Locations
Benefits
Jobs
Students
Your career
arrow_drop_down
Your career menu
Applications
Profile
Saved jobs
Job alerts
Sign in

Applications
Profile
Search jobs
Saved jobs
Job alerts
Teams
Locations
Benefits
Jobs
Students
Help
Send Feedback
job details
arrow_back
Back to jobs search
Jobs search results
34
  jobs matched
Field Sales Representative, Digital Assets, Google Cloud
New York, NY, USA
; Austin, TX, USA
; +3 more
; +2 more
Software Engineer III, Engineering Productivity, Google Ads
Mountain View, CA, USA
; New York, NY, USA
Senior Video Editing Software Engineer, Google Photos
Los Angeles, CA, USA
; New York, NY, USA
; +2 more
; +1 more
Product Manager I, Ads
Mountain View, CA, USA
; San Bruno, CA, USA
; +3 more
; +2 more
Technical Program Manager III, Software Engineering, Search
Mountain View, CA, USA
; New York, NY, USA
Brand Designer, Google Cloud, Marketing
San Francisco, CA, USA
; New York, NY, USA
; +2 more
; +1 more
Silicon Design Verification Engineer, Devices and Services
Mountain View, CA, USA
; Austin, TX, USA
; +2 more
; +1 more
Security Engineer, Cloud Vulnerability Research
New York, NY, USA
Security Researcher, Device Wireless Connectivity
Mountain View, CA, USA
; Kirkland, WA, USA
; +2 more
; +1 more
Field Sales Representative, Growth, Startups, Google Cloud
New York, NY, USA
Software Engineer III, Infrastructure, Google Ads
New York, NY, USA
Senior Developer Relations Engineer, Android, Passkeys Authentication
Mountain View, CA, USA
; Seattle, WA, USA
; +3 more
; +2 more
Product Manager II, Google Assistant
Mountain View, CA, USA
; New York, NY, USA
Interaction Designer, Google Photos
New York, NY, USA
Senior Software Engineer, Google Ads
Cambridge, MA, USA
; New York, NY, USA
Software Engineer II, Learning and Education
New York, NY, USA
Software Engineer III, Machine Learning, Google Ads
Mountain View, CA, USA
; Los Angeles, CA, USA
; +2 more
; +1 more
Software Engineer III, Google Ads
Mountain View, CA, USA
; Irvine, CA, USA
; +4 more
; +3 more
Senior Software Engineer, Generative AI, Google Cloud AI
Kirkland, WA, USA
; New York, NY, USA
; +2 more
; +1 more
Senior Software Engineer, Infrastructure, Google Cloud Storage
New York, NY, USA
1‑20 of 34
navigate_next
Follow Life at Google on
More about us
About us
open_in_new
Contact us
open_in_new
Press
open_in_new
Related Information
Investor relations
open_in_new
Blog
open_in_new
Equal Opportunity
Google is proud to be an equal opportunity and affirmative action employer. We are committed to building a workforce that is representative of the users we serve, creating a culture of belonging, and providing an equal employment opportunity regardless of race, creed, color, religion, gender, sexual orientation, gender identity/expression, national origin, disability, age, genetic information, veteran status, marital status, pregnancy or related condition (including breastfeeding), expecting or parents-to-be, criminal histories consistent with legal requirements, or any other basis protected by law. See also 
 Google's EEO Policy
, 
Know your rights: workplace discrimination is illegal
, 
Belonging at Google
, and 
How we hire
.
More about us
expand_more
Related information
expand_more
Equal opportunity
expand_more
Privacy
open_in_new
Applicant & Candidate Privacy
open_in_new
Terms
open_in_new
help
Help
open_in_new
arrow_back
Back to jobs search
Senior Software Engineer, Generative AI, Google Cloud AI
share
link
Copy link
email
Email a friend
corporate_fare
Google
place
Kirkland, WA, USA
; New York, NY, USA
; +2 more
; +1 more
bar_chart
Mid
Mid
Experience driving progress, solving problems, and mentoring more junior team members; deeper expertise and applied knowledge within relevant area.
Apply
share
link
Copy link
email
Email a friend
info_outline
X
Info Note: By applying to this position you will have an opportunity to share your preferred working location from the following: Kirkland, WA, USA; New York, NY, USA; Sunnyvale, CA, USA.
Note: By applying to this position you will have an opportunity to share your preferred working location from the following: 
Kirkland, WA, USA; New York, NY, USA; Sunnyvale, CA, USA
.
Minimum qualifications:
Bachelor’s degree or equivalent practical experience.

5 years of experience with software development in one or more programming languages, and with data structures/algorithms.
3 years of experience testing, maintaining, or launching software products, and 1 year of experience with software design and architecture.

Experience in Generative AI (Large Language Models, Multi-Modal, Large Vision Models).
Experience with machine learning algorithms and tools (e.g., TensorFlow), artificial intelligence, deep learning, natural language processing or other ML discipline.
Preferred qualifications:
Master's degree or PhD in Computer Science or related technical field.

3 years of experience working in a complex, matrixed organization involving cross-functional, and/or cross-business projects.
1 year of experience in a technical leadership role.

Experience developing accessible technologies.

About the job
Google's software engineers develop the next-generation technologies that change how billions of users connect, explore, and interact with information and one another. Our products need to handle information at massive scale, and extend well beyond web search. We're looking for engineers who bring fresh ideas from all areas, including information retrieval, distributed computing, large-scale system design, networking and data storage, security, artificial intelligence, natural language processing, UI design and mobile; the list goes on and is growing every day. As a software engineer, you will work on a specific project critical to Google’s needs with opportunities to switch teams and projects as you and our fast-paced business grow and evolve. We need our engineers to be versatile, display leadership qualities and be enthusiastic to take on new problems across the full-stack as we continue to push technology forward.
With your technical expertise you will manage project priorities, deadlines, and deliverables. You will design, develop, test, deploy, maintain, and enhance software solutions.

The US base salary range for this full-time position is $161,000-$239,000 + bonus + equity + benefits. Our salary ranges are determined by role, level, and location. The range displayed on each job posting reflects the minimum and maximum target salaries for the position across all US locations. Within the range, individual pay is determined by work location and additional factors, including job-related skills, experience, and relevant education or training. Your recruiter can share more about the specific salary range for your preferred location during the hiring process.
Please note that the compensation details listed in US role postings reflect the base salary only, and do not include bonus, equity, or benefits. Learn more about 
benefits at Google
.
Responsibilities
Write and test product or system development code.
Participate in, or lead design reviews with peers and stakeholders to decide amongst available technologies.

Review code developed by other developers and provide feedback to ensure best practices (e.g., style guidelines, checking code in, accuracy, testability, and efficiency).
Contribute to existing documentation or educational content and adapt content based on product/program updates and user feedback.

Triage product or system issues and debug/track/resolve by analyzing the sources of issues and the impact on hardware, network, or service operations and quality.
Information collected and processed as part of your Google Careers profile, and any job applications you choose to submit is subject to Google's 
Applicant and Candidate Privacy Policy
.
Google is proud to be an equal opportunity and affirmative action employer. We are committed to building a workforce that is representative of the users we serve, creating a culture of belonging, and providing an equal employment opportunity regardless of race, creed, color, religion, gender, sexual orientation, gender identity/expression, national origin, disability, age, genetic information, veteran status, marital status, pregnancy or related condition (including breastfeeding), expecting or parents-to-be, criminal histories consistent with legal requirements, or any other basis protected by law. See also 
 Google's EEO Policy
, 
Know your rights: workplace discrimination is illegal
, 
Belonging at Google
, and 
How we hire
.
If you have a need that requires accommodation, please let us know by completing our 
Accommodations for Applicants form
.
Google is a global company and, in order to facilitate efficient collaboration and communication globally, English proficiency is a requirement for all roles unless stated otherwise in the job posting.
To all recruitment agencies: Google does not accept agency resumes. Please do not forward resumes to our jobs alias, Google employees, or any other organization location. Google is not responsible for any fees related to unsolicited resumes.
Follow Life at Google on
More about us
About us
open_in_new
Contact us
open_in_new
Press
open_in_new
Related Information
Investor relations
open_in_new
Blog
open_in_new
Equal Opportunity
Google is proud to be an equal opportunity and affirmative action employer. We are committed to building a workforce that is representative of the users we serve, creating a culture of belonging, and providing an equal employment opportunity regardless of race, creed, color, religion, gender, sexual orientation, gender identity/expression, national origin, disability, age, genetic information, veteran status, marital status, pregnancy or related condition (including breastfeeding), expecting or parents-to-be, criminal histories consistent with legal requirements, or any other basis protected by law. See also 
 Google's EEO Policy
, 
Know your rights: workplace discrimination is illegal
, 
Belonging at Google
, and 
How we hire
.
More about us
expand_more
Related information
expand_more
Equal opportunity
expand_more
Privacy
open_in_new
Applicant & Candidate Privacy
open_in_new
Terms
open_in_new
help
Help
open_in_new

Follow Life at Google on
More about us
About us
open_in_new
Contact us
open_in_new
Press
open_in_new
Related Information
Investor relations
open_in_new
Blog
open_in_new
Equal Opportunity
Google is proud to be an equal opportunity and affirmative action employer. We are committed to building a workforce that is representative of the users we serve, creating a culture of belonging, and providing an equal employment opportunity regardless of race, creed, color, religion, gender, sexual orientation, gender identity/expression, national origin, disability, age, genetic information, veteran status, marital status, pregnancy or related condition (including breastfeeding), expecting or parents-to-be, criminal histories consistent with legal requirements, or any other basis protected by law. See also 
 Google's EEO Policy
, 
Know your rights: workplace discrimination is illegal
, 
Belonging at Google
, and 
How we hire
.
More about us
expand_more
Related information
expand_more
Equal opportunity
expand_more
Privacy
open_in_new
Applicant & Candidate Privacy
open_in_new
Terms
open_in_new
help
Help
open_in_new








Google apps
Main menu"
Google,"Senior Software Engineer, Infrastructure, Google Cloud Storage — Google Careers",https://www.google.com/about/careers/applications/jobs/results/124607801090548422-senior-software-engineer-infrastructure-google-cloud-storage?degree=BACHELORS&q=Software%20Engineer&employment_type=FULL_TIME&sort_by=date&target_level=EARLY&target_level=MID&location=New%20York%2C%20NY%2C%20USA&page=1,2024-07-24 01:30,2024-07-24 01:30,2024-07-24 01:30,"Senior Software Engineer, Infrastructure, Google Cloud Storage — Google Careers






Careers
Careers
Skip to main content
Teams
Locations
Benefits
Jobs
Students
Your career
arrow_drop_down
Your career menu
Applications
Profile
Saved jobs
Job alerts
Sign in

Applications
Profile
Search jobs
Saved jobs
Job alerts
Teams
Locations
Benefits
Jobs
Students
Help
Send Feedback
job details
arrow_back
Back to jobs search
Jobs search results
34
  jobs matched
Field Sales Representative, Digital Assets, Google Cloud
New York, NY, USA
; Austin, TX, USA
; +3 more
; +2 more
Software Engineer III, Engineering Productivity, Google Ads
Mountain View, CA, USA
; New York, NY, USA
Senior Video Editing Software Engineer, Google Photos
Los Angeles, CA, USA
; New York, NY, USA
; +2 more
; +1 more
Product Manager I, Ads
Mountain View, CA, USA
; San Bruno, CA, USA
; +3 more
; +2 more
Technical Program Manager III, Software Engineering, Search
Mountain View, CA, USA
; New York, NY, USA
Brand Designer, Google Cloud, Marketing
San Francisco, CA, USA
; New York, NY, USA
; +2 more
; +1 more
Silicon Design Verification Engineer, Devices and Services
Mountain View, CA, USA
; Austin, TX, USA
; +2 more
; +1 more
Security Engineer, Cloud Vulnerability Research
New York, NY, USA
Security Researcher, Device Wireless Connectivity
Mountain View, CA, USA
; Kirkland, WA, USA
; +2 more
; +1 more
Field Sales Representative, Growth, Startups, Google Cloud
New York, NY, USA
Software Engineer III, Infrastructure, Google Ads
New York, NY, USA
Senior Developer Relations Engineer, Android, Passkeys Authentication
Mountain View, CA, USA
; Seattle, WA, USA
; +3 more
; +2 more
Product Manager II, Google Assistant
Mountain View, CA, USA
; New York, NY, USA
Interaction Designer, Google Photos
New York, NY, USA
Senior Software Engineer, Google Ads
Cambridge, MA, USA
; New York, NY, USA
Software Engineer II, Learning and Education
New York, NY, USA
Software Engineer III, Machine Learning, Google Ads
Mountain View, CA, USA
; Los Angeles, CA, USA
; +2 more
; +1 more
Software Engineer III, Google Ads
Mountain View, CA, USA
; Irvine, CA, USA
; +4 more
; +3 more
Senior Software Engineer, Generative AI, Google Cloud AI
Kirkland, WA, USA
; New York, NY, USA
; +2 more
; +1 more
Senior Software Engineer, Infrastructure, Google Cloud Storage
New York, NY, USA
1‑20 of 34
navigate_next
Follow Life at Google on
More about us
About us
open_in_new
Contact us
open_in_new
Press
open_in_new
Related Information
Investor relations
open_in_new
Blog
open_in_new
Equal Opportunity
Google is proud to be an equal opportunity and affirmative action employer. We are committed to building a workforce that is representative of the users we serve, creating a culture of belonging, and providing an equal employment opportunity regardless of race, creed, color, religion, gender, sexual orientation, gender identity/expression, national origin, disability, age, genetic information, veteran status, marital status, pregnancy or related condition (including breastfeeding), expecting or parents-to-be, criminal histories consistent with legal requirements, or any other basis protected by law. See also 
 Google's EEO Policy
, 
Know your rights: workplace discrimination is illegal
, 
Belonging at Google
, and 
How we hire
.
More about us
expand_more
Related information
expand_more
Equal opportunity
expand_more
Privacy
open_in_new
Applicant & Candidate Privacy
open_in_new
Terms
open_in_new
help
Help
open_in_new
arrow_back
Back to jobs search
Senior Software Engineer, Infrastructure, Google Cloud Storage
share
link
Copy link
email
Email a friend
corporate_fare
Google
place
New York, NY, USA
bar_chart
Mid
Mid
Experience driving progress, solving problems, and mentoring more junior team members; deeper expertise and applied knowledge within relevant area.
Apply
share
link
Copy link
email
Email a friend
Minimum qualifications:
Bachelor’s degree or equivalent practical experience.

5 years of experience with software development in one or more programming languages, and with data structures/algorithms.
3 years of experience testing, maintaining, or launching software products, and 1 year of experience with software design and architecture.

3 years of experience developing large-scale infrastructure, distributed systems or networks, or experience with compute technologies, storage or hardware architecture.
Preferred qualifications:
Master's degree or PhD in Computer Science or related technical field.

1 year of experience in a technical leadership role.

Experience developing accessible technologies.

About the job
Google's software engineers develop the next-generation technologies that change how billions of users connect, explore, and interact with information and one another. Our products need to handle information at massive scale, and extend well beyond web search. We're looking for engineers who bring fresh ideas from all areas, including information retrieval, distributed computing, large-scale system design, networking and data storage, security, artificial intelligence, natural language processing, UI design and mobile; the list goes on and is growing every day. As a software engineer, you will work on a specific project critical to Google’s needs with opportunities to switch teams and projects as you and our fast-paced business grow and evolve. We need our engineers to be versatile, display leadership qualities and be enthusiastic to take on new problems across the full-stack as we continue to push technology forward.
With your technical expertise you will manage project priorities, deadlines, and deliverables. You will design, develop, test, deploy, maintain, and enhance software solutions.
Google Cloud accelerates every organization’s ability to digitally transform its business and industry. We deliver enterprise-grade solutions that leverage Google’s cutting-edge technology, and tools that help developers build more sustainably. Customers in more than 200 countries and territories turn to Google Cloud as their trusted partner to enable growth and solve their most critical business problems.
The US base salary range for this full-time position is $161,000-$239,000 + bonus + equity + benefits. Our salary ranges are determined by role, level, and location. The range displayed on each job posting reflects the minimum and maximum target salaries for the position across all US locations. Within the range, individual pay is determined by work location and additional factors, including job-related skills, experience, and relevant education or training. Your recruiter can share more about the specific salary range for your preferred location during the hiring process. 
Please note that the compensation details listed in US role postings reflect the base salary only, and do not include bonus, equity, or benefits. Learn more about 
benefits at Google
.
Responsibilities
Write and test product or system development code.
Participate in, or lead design reviews with peers and stakeholders to decide amongst available technologies.

Review code developed by other developers and provide feedback to ensure best practices (e.g., style guidelines, checking code in, accuracy, testability, and efficiency).
Contribute to existing documentation or educational content and adapt content based on product/program updates and user feedback.

Triage product or system issues and debug/track/resolve by analyzing the sources of issues and the impact on hardware, network, or service operations and quality.
Information collected and processed as part of your Google Careers profile, and any job applications you choose to submit is subject to Google's 
Applicant and Candidate Privacy Policy
.
Google is proud to be an equal opportunity and affirmative action employer. We are committed to building a workforce that is representative of the users we serve, creating a culture of belonging, and providing an equal employment opportunity regardless of race, creed, color, religion, gender, sexual orientation, gender identity/expression, national origin, disability, age, genetic information, veteran status, marital status, pregnancy or related condition (including breastfeeding), expecting or parents-to-be, criminal histories consistent with legal requirements, or any other basis protected by law. See also 
 Google's EEO Policy
, 
Know your rights: workplace discrimination is illegal
, 
Belonging at Google
, and 
How we hire
.
If you have a need that requires accommodation, please let us know by completing our 
Accommodations for Applicants form
.
Google is a global company and, in order to facilitate efficient collaboration and communication globally, English proficiency is a requirement for all roles unless stated otherwise in the job posting.
To all recruitment agencies: Google does not accept agency resumes. Please do not forward resumes to our jobs alias, Google employees, or any other organization location. Google is not responsible for any fees related to unsolicited resumes.
Follow Life at Google on
More about us
About us
open_in_new
Contact us
open_in_new
Press
open_in_new
Related Information
Investor relations
open_in_new
Blog
open_in_new
Equal Opportunity
Google is proud to be an equal opportunity and affirmative action employer. We are committed to building a workforce that is representative of the users we serve, creating a culture of belonging, and providing an equal employment opportunity regardless of race, creed, color, religion, gender, sexual orientation, gender identity/expression, national origin, disability, age, genetic information, veteran status, marital status, pregnancy or related condition (including breastfeeding), expecting or parents-to-be, criminal histories consistent with legal requirements, or any other basis protected by law. See also 
 Google's EEO Policy
, 
Know your rights: workplace discrimination is illegal
, 
Belonging at Google
, and 
How we hire
.
More about us
expand_more
Related information
expand_more
Equal opportunity
expand_more
Privacy
open_in_new
Applicant & Candidate Privacy
open_in_new
Terms
open_in_new
help
Help
open_in_new

Follow Life at Google on
More about us
About us
open_in_new
Contact us
open_in_new
Press
open_in_new
Related Information
Investor relations
open_in_new
Blog
open_in_new
Equal Opportunity
Google is proud to be an equal opportunity and affirmative action employer. We are committed to building a workforce that is representative of the users we serve, creating a culture of belonging, and providing an equal employment opportunity regardless of race, creed, color, religion, gender, sexual orientation, gender identity/expression, national origin, disability, age, genetic information, veteran status, marital status, pregnancy or related condition (including breastfeeding), expecting or parents-to-be, criminal histories consistent with legal requirements, or any other basis protected by law. See also 
 Google's EEO Policy
, 
Know your rights: workplace discrimination is illegal
, 
Belonging at Google
, and 
How we hire
.
More about us
expand_more
Related information
expand_more
Equal opportunity
expand_more
Privacy
open_in_new
Applicant & Candidate Privacy
open_in_new
Terms
open_in_new
help
Help
open_in_new








Main menu
Google apps"
Google,"Senior Software Engineer, Google Cloud Security and Privacy — Google Careers",https://www.google.com/about/careers/applications/jobs/results/129273107243246278-senior-software-engineer-google-cloud-security-and-privacy?degree=BACHELORS&q=Software%20Engineer&employment_type=FULL_TIME&sort_by=date&target_level=EARLY&target_level=MID&location=New%20York%2C%20NY%2C%20USA&page=2,2024-07-24 01:30,2024-07-24 01:30,2024-07-24 01:30,"Senior Software Engineer, Google Cloud Security and Privacy — Google Careers






Careers
Careers
Skip to main content
Teams
Locations
Benefits
Jobs
Students
Your career
arrow_drop_down
Your career menu
Applications
Profile
Saved jobs
Job alerts
Sign in

Applications
Profile
Search jobs
Saved jobs
Job alerts
Teams
Locations
Benefits
Jobs
Students
Help
Send Feedback
job details
arrow_back
Back to jobs search
Jobs search results
34
  jobs matched
Senior Software Engineer, Google Cloud Security and Privacy
New York, NY, USA
Senior Software Engineer, Machine Learning, Google Research
Mountain View, CA, USA
; Atlanta, GA, USA
; +2 more
; +1 more
Senior Software Engineer, Mobile (iOS), Geo
New York, NY, USA
Senior Software Engineer, Machine Learning, Google Assistant
Mountain View, CA, USA
; New York, NY, USA
Software Engineer, Google Cloud Software Development Kit
New York, NY, USA
; Kirkland, New York, USA
; +3 more
; +2 more
Software Engineer III, Machine Learning, Google Research
Mountain View, CA, USA
; Seattle, WA, USA
; +2 more
; +1 more
Software Engineer, AI/ML, Learning Platform
Mountain View, CA, USA
; New York, NY, USA
Senior Software Engineer, Generative AI, Google Workspace
New York, NY, USA
Senior Software Developer, Machine Learning, Google Cloud Platforms
Kirkland, WA, USA
; Seattle, WA, USA
; +3 more
; +2 more
 | Remote eligible
Senior Software Engineer, Infrastructure, Google Assistant
New York, NY, USA
Senior Software Engineer, Mobile (Android), Platforms & Ecosystems
Cambridge, MA, USA
; New York, NY, USA
Senior Software Engineer, Machine Learning, Android
Mountain View, CA, USA
; New York, NY, USA
; +2 more
; +1 more
Senior Software Engineer, Machine Learning, Gemini
Mountain View, CA, USA
; New York, NY, USA
Senior Software Engineer, Infrastructure, Google Cloud NetInfra
Sunnyvale, CA, USA
; New York, NY, USA
21‑34 of 34
navigate_before
Follow Life at Google on
More about us
About us
open_in_new
Contact us
open_in_new
Press
open_in_new
Related Information
Investor relations
open_in_new
Blog
open_in_new
Equal Opportunity
Google is proud to be an equal opportunity and affirmative action employer. We are committed to building a workforce that is representative of the users we serve, creating a culture of belonging, and providing an equal employment opportunity regardless of race, creed, color, religion, gender, sexual orientation, gender identity/expression, national origin, disability, age, genetic information, veteran status, marital status, pregnancy or related condition (including breastfeeding), expecting or parents-to-be, criminal histories consistent with legal requirements, or any other basis protected by law. See also 
 Google's EEO Policy
, 
Know your rights: workplace discrimination is illegal
, 
Belonging at Google
, and 
How we hire
.
More about us
expand_more
Related information
expand_more
Equal opportunity
expand_more
Privacy
open_in_new
Applicant & Candidate Privacy
open_in_new
Terms
open_in_new
help
Help
open_in_new
arrow_back
Back to jobs search
Senior Software Engineer, Google Cloud Security and Privacy
share
link
Copy link
email
Email a friend
corporate_fare
Google
place
New York, NY, USA
bar_chart
Mid
Mid
Experience driving progress, solving problems, and mentoring more junior team members; deeper expertise and applied knowledge within relevant area.
Apply
share
link
Copy link
email
Email a friend
Minimum qualifications:
Bachelor’s degree or equivalent practical experience.

5 years of experience with software development in one or more programming languages, and with data structures/algorithms.
3 years of experience testing, maintaining, or launching software products, and 1 year of experience with software design and architecture.

Preferred qualifications:
Master's degree or PhD in Computer Science or related technical field.

1 year of experience in a technical leadership role.

Experience developing accessible technologies.

About the job
Google's software engineers develop the next-generation technologies that change how billions of users connect, explore, and interact with information and one another. Our products need to handle information at massive scale, and extend well beyond web search. We're looking for engineers who bring fresh ideas from all areas, including information retrieval, distributed computing, large-scale system design, networking and data storage, security, artificial intelligence, natural language processing, UI design and mobile; the list goes on and is growing every day. As a software engineer, you will work on a specific project critical to Google’s needs with opportunities to switch teams and projects as you and our fast-paced business grow and evolve. We need our engineers to be versatile, display leadership qualities and be enthusiastic to take on new problems across the full-stack as we continue to push technology forward.
With your technical expertise you will manage project priorities, deadlines, and deliverables. You will design, develop, test, deploy, maintain, and enhance software solutions.

Google Cloud accelerates every organization’s ability to digitally transform its business and industry. We deliver enterprise-grade solutions that leverage Google’s cutting-edge technology, and tools that help developers build more sustainably. Customers in more than 200 countries and territories turn to Google Cloud as their trusted partner to enable growth and solve their most critical business problems.
The US base salary range for this full-time position is $161,000-$239,000 + bonus + equity + benefits. Our salary ranges are determined by role, level, and location. The range displayed on each job posting reflects the minimum and maximum target salaries for the position across all US locations. Within the range, individual pay is determined by work location and additional factors, including job-related skills, experience, and relevant education or training. Your recruiter can share more about the specific salary range for your preferred location during the hiring process.
Please note that the compensation details listed in US role postings reflect the base salary only, and do not include bonus, equity, or benefits. Learn more about 
benefits at Google
.
Responsibilities
Write and test product or system development code.
Participate in, or lead design reviews with peers and stakeholders to decide amongst available technologies.

Review code developed by other developers and provide feedback to ensure best practices (e.g., style guidelines, checking code in, accuracy, testability, and efficiency).
Contribute to existing documentation or educational content and adapt content based on product/program updates and user feedback.

Triage product or system issues and debug/track/resolve by analyzing the sources of issues and the impact on hardware, network, or service operations and quality.
Information collected and processed as part of your Google Careers profile, and any job applications you choose to submit is subject to Google's 
Applicant and Candidate Privacy Policy
.
Google is proud to be an equal opportunity and affirmative action employer. We are committed to building a workforce that is representative of the users we serve, creating a culture of belonging, and providing an equal employment opportunity regardless of race, creed, color, religion, gender, sexual orientation, gender identity/expression, national origin, disability, age, genetic information, veteran status, marital status, pregnancy or related condition (including breastfeeding), expecting or parents-to-be, criminal histories consistent with legal requirements, or any other basis protected by law. See also 
 Google's EEO Policy
, 
Know your rights: workplace discrimination is illegal
, 
Belonging at Google
, and 
How we hire
.
If you have a need that requires accommodation, please let us know by completing our 
Accommodations for Applicants form
.
Google is a global company and, in order to facilitate efficient collaboration and communication globally, English proficiency is a requirement for all roles unless stated otherwise in the job posting.
To all recruitment agencies: Google does not accept agency resumes. Please do not forward resumes to our jobs alias, Google employees, or any other organization location. Google is not responsible for any fees related to unsolicited resumes.
Follow Life at Google on
More about us
About us
open_in_new
Contact us
open_in_new
Press
open_in_new
Related Information
Investor relations
open_in_new
Blog
open_in_new
Equal Opportunity
Google is proud to be an equal opportunity and affirmative action employer. We are committed to building a workforce that is representative of the users we serve, creating a culture of belonging, and providing an equal employment opportunity regardless of race, creed, color, religion, gender, sexual orientation, gender identity/expression, national origin, disability, age, genetic information, veteran status, marital status, pregnancy or related condition (including breastfeeding), expecting or parents-to-be, criminal histories consistent with legal requirements, or any other basis protected by law. See also 
 Google's EEO Policy
, 
Know your rights: workplace discrimination is illegal
, 
Belonging at Google
, and 
How we hire
.
More about us
expand_more
Related information
expand_more
Equal opportunity
expand_more
Privacy
open_in_new
Applicant & Candidate Privacy
open_in_new
Terms
open_in_new
help
Help
open_in_new

Follow Life at Google on
More about us
About us
open_in_new
Contact us
open_in_new
Press
open_in_new
Related Information
Investor relations
open_in_new
Blog
open_in_new
Equal Opportunity
Google is proud to be an equal opportunity and affirmative action employer. We are committed to building a workforce that is representative of the users we serve, creating a culture of belonging, and providing an equal employment opportunity regardless of race, creed, color, religion, gender, sexual orientation, gender identity/expression, national origin, disability, age, genetic information, veteran status, marital status, pregnancy or related condition (including breastfeeding), expecting or parents-to-be, criminal histories consistent with legal requirements, or any other basis protected by law. See also 
 Google's EEO Policy
, 
Know your rights: workplace discrimination is illegal
, 
Belonging at Google
, and 
How we hire
.
More about us
expand_more
Related information
expand_more
Equal opportunity
expand_more
Privacy
open_in_new
Applicant & Candidate Privacy
open_in_new
Terms
open_in_new
help
Help
open_in_new








Google apps
Main menu"
Google,"Senior Software Engineer, Machine Learning, Google Research — Google Careers",https://www.google.com/about/careers/applications/jobs/results/114986263605322438-senior-software-engineer-machine-learning-google-research?degree=BACHELORS&q=Software%20Engineer&employment_type=FULL_TIME&sort_by=date&target_level=EARLY&target_level=MID&location=New%20York%2C%20NY%2C%20USA&page=2,2024-07-24 01:30,2024-07-24 01:30,2024-07-24 01:30,"Senior Software Engineer, Machine Learning, Google Research — Google Careers






Careers
Careers
Skip to main content
Teams
Locations
Benefits
Jobs
Students
Your career
arrow_drop_down
Your career menu
Applications
Profile
Saved jobs
Job alerts
Sign in

Applications
Profile
Search jobs
Saved jobs
Job alerts
Teams
Locations
Benefits
Jobs
Students
Help
Send Feedback
job details
arrow_back
Back to jobs search
Jobs search results
34
  jobs matched
Senior Software Engineer, Google Cloud Security and Privacy
New York, NY, USA
Senior Software Engineer, Machine Learning, Google Research
Mountain View, CA, USA
; Atlanta, GA, USA
; +2 more
; +1 more
Senior Software Engineer, Mobile (iOS), Geo
New York, NY, USA
Senior Software Engineer, Machine Learning, Google Assistant
Mountain View, CA, USA
; New York, NY, USA
Software Engineer, Google Cloud Software Development Kit
New York, NY, USA
; Kirkland, New York, USA
; +3 more
; +2 more
Software Engineer III, Machine Learning, Google Research
Mountain View, CA, USA
; Seattle, WA, USA
; +2 more
; +1 more
Software Engineer, AI/ML, Learning Platform
Mountain View, CA, USA
; New York, NY, USA
Senior Software Engineer, Generative AI, Google Workspace
New York, NY, USA
Senior Software Developer, Machine Learning, Google Cloud Platforms
Kirkland, WA, USA
; Seattle, WA, USA
; +3 more
; +2 more
 | Remote eligible
Senior Software Engineer, Infrastructure, Google Assistant
New York, NY, USA
Senior Software Engineer, Mobile (Android), Platforms & Ecosystems
Cambridge, MA, USA
; New York, NY, USA
Senior Software Engineer, Machine Learning, Android
Mountain View, CA, USA
; New York, NY, USA
; +2 more
; +1 more
Senior Software Engineer, Machine Learning, Gemini
Mountain View, CA, USA
; New York, NY, USA
Senior Software Engineer, Infrastructure, Google Cloud NetInfra
Sunnyvale, CA, USA
; New York, NY, USA
21‑34 of 34
navigate_before
Follow Life at Google on
More about us
About us
open_in_new
Contact us
open_in_new
Press
open_in_new
Related Information
Investor relations
open_in_new
Blog
open_in_new
Equal Opportunity
Google is proud to be an equal opportunity and affirmative action employer. We are committed to building a workforce that is representative of the users we serve, creating a culture of belonging, and providing an equal employment opportunity regardless of race, creed, color, religion, gender, sexual orientation, gender identity/expression, national origin, disability, age, genetic information, veteran status, marital status, pregnancy or related condition (including breastfeeding), expecting or parents-to-be, criminal histories consistent with legal requirements, or any other basis protected by law. See also 
 Google's EEO Policy
, 
Know your rights: workplace discrimination is illegal
, 
Belonging at Google
, and 
How we hire
.
More about us
expand_more
Related information
expand_more
Equal opportunity
expand_more
Privacy
open_in_new
Applicant & Candidate Privacy
open_in_new
Terms
open_in_new
help
Help
open_in_new
arrow_back
Back to jobs search
Senior Software Engineer, Machine Learning, Google Research
share
link
Copy link
email
Email a friend
corporate_fare
Google
place
Mountain View, CA, USA
; Atlanta, GA, USA
; +2 more
; +1 more
bar_chart
Mid
Mid
Experience driving progress, solving problems, and mentoring more junior team members; deeper expertise and applied knowledge within relevant area.
Apply
share
link
Copy link
email
Email a friend
info_outline
X
Info Note: By applying to this position you will have an opportunity to share your preferred working location from the following: Mountain View, CA, USA; Atlanta, GA, USA; New York, NY, USA.
Note: By applying to this position you will have an opportunity to share your preferred working location from the following: 
Mountain View, CA, USA; Atlanta, GA, USA; New York, NY, USA
.
Minimum qualifications:
Bachelor’s degree or equivalent practical experience.

5 years of experience with software development in one or more programming languages, and with data structures/algorithms.

3 years of experience testing, maintaining or launching software products, and 1 year of experience with software design and architecture.
3 years of experience with ML/AI algorithms and tools, deep learning or natural language processing.
Preferred qualifications:
Master's degree or PhD in Computer Science or related technical field.



1 year of experience in a technical leadership role.
Experience developing accessible technologies.
About the job
Google's software engineers develop the next-generation technologies that change how billions of users connect, explore, and interact with information and one another. Our products need to handle information at massive scale, and extend well beyond web search. We're looking for engineers who bring fresh ideas from all areas, including information retrieval, distributed computing, large-scale system design, networking and data storage, security, artificial intelligence, natural language processing, UI design and mobile; the list goes on and is growing every day. As a software engineer, you will work on a specific project critical to Google’s needs with opportunities to switch teams and projects as you and our fast-paced business grow and evolve. We need our engineers to be versatile, display leadership qualities and be enthusiastic to take on new problems across the full-stack as we continue to push technology forward.
With your technical expertise you will manage project priorities, deadlines, and deliverables. You will design, develop, test, deploy, maintain, and enhance software solutions.


Google Research addresses challenges that define the technology of today and tomorrow. From conducting fundamental research to influencing product development, our research teams have the opportunity to impact technology used by billions of people every day. 
Our teams aspire to make discoveries that impact everyone, and core to our approach is sharing our research and tools to fuel progress in the field -- we publish regularly in academic journals, release projects as open source, and apply research to Google products.
The US base salary range for this full-time position is $161,000-$239,000 + bonus + equity + benefits. Our salary ranges are determined by role, level, and location. The range displayed on each job posting reflects the minimum and maximum target salaries for the position across all US locations. Within the range, individual pay is determined by work location and additional factors, including job-related skills, experience, and relevant education or training. Your recruiter can share more about the specific salary range for your preferred location during the hiring process.
Please note that the compensation details listed in US role postings reflect the base salary only, and do not include bonus, equity, or benefits. Learn more about 
benefits at Google
.
Responsibilities
Write and test product or system development code.

Participate in, or lead design reviews with peers and stakeholders to decide amongst available technologies.

Review code developed by other developers and provide feedback to ensure best practices (e.g., style guidelines, checking code in, accuracy, testability, and efficiency).

Contribute to existing documentation or educational content and adapt content based on product/program updates and user feedback.

Triage product or system issues and debug/track/resolve by analyzing the sources of issues and the impact on hardware, network, or service operations and quality.

Information collected and processed as part of your Google Careers profile, and any job applications you choose to submit is subject to Google's 
Applicant and Candidate Privacy Policy
.
Google is proud to be an equal opportunity and affirmative action employer. We are committed to building a workforce that is representative of the users we serve, creating a culture of belonging, and providing an equal employment opportunity regardless of race, creed, color, religion, gender, sexual orientation, gender identity/expression, national origin, disability, age, genetic information, veteran status, marital status, pregnancy or related condition (including breastfeeding), expecting or parents-to-be, criminal histories consistent with legal requirements, or any other basis protected by law. See also 
 Google's EEO Policy
, 
Know your rights: workplace discrimination is illegal
, 
Belonging at Google
, and 
How we hire
.
If you have a need that requires accommodation, please let us know by completing our 
Accommodations for Applicants form
.
Google is a global company and, in order to facilitate efficient collaboration and communication globally, English proficiency is a requirement for all roles unless stated otherwise in the job posting.
To all recruitment agencies: Google does not accept agency resumes. Please do not forward resumes to our jobs alias, Google employees, or any other organization location. Google is not responsible for any fees related to unsolicited resumes.
Follow Life at Google on
More about us
About us
open_in_new
Contact us
open_in_new
Press
open_in_new
Related Information
Investor relations
open_in_new
Blog
open_in_new
Equal Opportunity
Google is proud to be an equal opportunity and affirmative action employer. We are committed to building a workforce that is representative of the users we serve, creating a culture of belonging, and providing an equal employment opportunity regardless of race, creed, color, religion, gender, sexual orientation, gender identity/expression, national origin, disability, age, genetic information, veteran status, marital status, pregnancy or related condition (including breastfeeding), expecting or parents-to-be, criminal histories consistent with legal requirements, or any other basis protected by law. See also 
 Google's EEO Policy
, 
Know your rights: workplace discrimination is illegal
, 
Belonging at Google
, and 
How we hire
.
More about us
expand_more
Related information
expand_more
Equal opportunity
expand_more
Privacy
open_in_new
Applicant & Candidate Privacy
open_in_new
Terms
open_in_new
help
Help
open_in_new

Follow Life at Google on
More about us
About us
open_in_new
Contact us
open_in_new
Press
open_in_new
Related Information
Investor relations
open_in_new
Blog
open_in_new
Equal Opportunity
Google is proud to be an equal opportunity and affirmative action employer. We are committed to building a workforce that is representative of the users we serve, creating a culture of belonging, and providing an equal employment opportunity regardless of race, creed, color, religion, gender, sexual orientation, gender identity/expression, national origin, disability, age, genetic information, veteran status, marital status, pregnancy or related condition (including breastfeeding), expecting or parents-to-be, criminal histories consistent with legal requirements, or any other basis protected by law. See also 
 Google's EEO Policy
, 
Know your rights: workplace discrimination is illegal
, 
Belonging at Google
, and 
How we hire
.
More about us
expand_more
Related information
expand_more
Equal opportunity
expand_more
Privacy
open_in_new
Applicant & Candidate Privacy
open_in_new
Terms
open_in_new
help
Help
open_in_new








Google apps
Main menu"
Google,"Senior Software Engineer, Mobile (iOS), Geo — Google Careers",https://www.google.com/about/careers/applications/jobs/results/89830537073435334-senior-software-engineer-mobile-ios-geo?degree=BACHELORS&q=Software%20Engineer&employment_type=FULL_TIME&sort_by=date&target_level=EARLY&target_level=MID&location=New%20York%2C%20NY%2C%20USA&page=2,2024-07-24 01:30,2024-07-24 01:30,2024-07-24 01:30,"Senior Software Engineer, Mobile (iOS), Geo — Google Careers






Careers
Careers
Skip to main content
Teams
Locations
Benefits
Jobs
Students
Your career
arrow_drop_down
Your career menu
Applications
Profile
Saved jobs
Job alerts
Sign in

Applications
Profile
Search jobs
Saved jobs
Job alerts
Teams
Locations
Benefits
Jobs
Students
Help
Send Feedback
job details
arrow_back
Back to jobs search
Jobs search results
34
  jobs matched
Senior Software Engineer, Google Cloud Security and Privacy
New York, NY, USA
Senior Software Engineer, Machine Learning, Google Research
Mountain View, CA, USA
; Atlanta, GA, USA
; +2 more
; +1 more
Senior Software Engineer, Mobile (iOS), Geo
New York, NY, USA
Senior Software Engineer, Machine Learning, Google Assistant
Mountain View, CA, USA
; New York, NY, USA
Software Engineer, Google Cloud Software Development Kit
New York, NY, USA
; Kirkland, New York, USA
; +3 more
; +2 more
Software Engineer III, Machine Learning, Google Research
Mountain View, CA, USA
; Seattle, WA, USA
; +2 more
; +1 more
Software Engineer, AI/ML, Learning Platform
Mountain View, CA, USA
; New York, NY, USA
Senior Software Engineer, Generative AI, Google Workspace
New York, NY, USA
Senior Software Developer, Machine Learning, Google Cloud Platforms
Kirkland, WA, USA
; Seattle, WA, USA
; +3 more
; +2 more
 | Remote eligible
Senior Software Engineer, Infrastructure, Google Assistant
New York, NY, USA
Senior Software Engineer, Mobile (Android), Platforms & Ecosystems
Cambridge, MA, USA
; New York, NY, USA
Senior Software Engineer, Machine Learning, Android
Mountain View, CA, USA
; New York, NY, USA
; +2 more
; +1 more
Senior Software Engineer, Machine Learning, Gemini
Mountain View, CA, USA
; New York, NY, USA
Senior Software Engineer, Infrastructure, Google Cloud NetInfra
Sunnyvale, CA, USA
; New York, NY, USA
21‑34 of 34
navigate_before
Follow Life at Google on
More about us
About us
open_in_new
Contact us
open_in_new
Press
open_in_new
Related Information
Investor relations
open_in_new
Blog
open_in_new
Equal Opportunity
Google is proud to be an equal opportunity and affirmative action employer. We are committed to building a workforce that is representative of the users we serve, creating a culture of belonging, and providing an equal employment opportunity regardless of race, creed, color, religion, gender, sexual orientation, gender identity/expression, national origin, disability, age, genetic information, veteran status, marital status, pregnancy or related condition (including breastfeeding), expecting or parents-to-be, criminal histories consistent with legal requirements, or any other basis protected by law. See also 
 Google's EEO Policy
, 
Know your rights: workplace discrimination is illegal
, 
Belonging at Google
, and 
How we hire
.
More about us
expand_more
Related information
expand_more
Equal opportunity
expand_more
Privacy
open_in_new
Applicant & Candidate Privacy
open_in_new
Terms
open_in_new
help
Help
open_in_new
arrow_back
Back to jobs search
Senior Software Engineer, Mobile (iOS), Geo
share
link
Copy link
email
Email a friend
corporate_fare
Google
place
New York, NY, USA
bar_chart
Mid
Mid
Experience driving progress, solving problems, and mentoring more junior team members; deeper expertise and applied knowledge within relevant area.
Apply
share
link
Copy link
email
Email a friend
Minimum qualifications:
Bachelor’s degree or equivalent practical experience.

5 years of experience with software development in one or more programming languages, and with data structures/algorithms.
3 years of experience testing, maintaining, or launching software products, and 1 year of experience with software design and architecture.

3 years of experience with iOS application development.
Preferred qualifications:
Master's degree or PhD in Computer Science or related technical field.

3 years of experience with performance, large scale systems data analysis, visualization tools, and/or debugging.
1 year of experience in a technical leadership role.

Experience developing accessible technologies.

About the job
Google's software engineers develop the next-generation technologies that change how billions of users connect, explore, and interact with information and one another. Our products need to handle information at massive scale, and extend well beyond web search. We're looking for engineers who bring fresh ideas from all areas, including information retrieval, distributed computing, large-scale system design, networking and data storage, security, artificial intelligence, natural language processing, UI design and mobile; the list goes on and is growing every day. As a software engineer, you will work on a specific project critical to Google’s needs with opportunities to switch teams and projects as you and our fast-paced business grow and evolve. We need our engineers to be versatile, display leadership qualities and be enthusiastic to take on new problems across the full-stack as we continue to push technology forward.
With your technical expertise you will manage project priorities, deadlines, and deliverables. You will design, develop, test, deploy, maintain, and enhance software solutions.

The Geo team is focused on building the most accurate, comprehensive, and useful maps for our users, through products like Maps, Earth, Street View, Google Maps Platform, and more. Every month, more than a billion people rely on Maps services to explore the world and navigate their daily lives.
The Geo team also enables developers to use the power of Google Maps platforms to enhance their apps and websites. As they plot a course for the future of mapping, they are solving complex computer science problems, designing beautiful and intuitive product experiences, and improving our understanding of the real world.
The US base salary range for this full-time position is $161,000-$239,000 + bonus + equity + benefits. Our salary ranges are determined by role, level, and location. The range displayed on each job posting reflects the minimum and maximum target salaries for the position across all US locations. Within the range, individual pay is determined by work location and additional factors, including job-related skills, experience, and relevant education or training. Your recruiter can share more about the specific salary range for your preferred location during the hiring process.
Please note that the compensation details listed in US role postings reflect the base salary only, and do not include bonus, equity, or benefits. Learn more about 
benefits at Google
.
Responsibilities
Write and test product or system development code.
Review code developed by other engineers and provide feedback to ensure best practices (e.g., style guidelines, checking code in, accuracy, testability, and efficiency).

Contribute to existing documentation or educational content and adapt content based on product/program updates and user feedback.

Triage product or system issues and debug/track/resolve by analyzing the sources of issues and the impact on hardware, network, or service operations and quality. 

Participate in, or lead design reviews with peers and stakeholders to decide amongst available technologies.
Information collected and processed as part of your Google Careers profile, and any job applications you choose to submit is subject to Google's 
Applicant and Candidate Privacy Policy
.
Google is proud to be an equal opportunity and affirmative action employer. We are committed to building a workforce that is representative of the users we serve, creating a culture of belonging, and providing an equal employment opportunity regardless of race, creed, color, religion, gender, sexual orientation, gender identity/expression, national origin, disability, age, genetic information, veteran status, marital status, pregnancy or related condition (including breastfeeding), expecting or parents-to-be, criminal histories consistent with legal requirements, or any other basis protected by law. See also 
 Google's EEO Policy
, 
Know your rights: workplace discrimination is illegal
, 
Belonging at Google
, and 
How we hire
.
If you have a need that requires accommodation, please let us know by completing our 
Accommodations for Applicants form
.
Google is a global company and, in order to facilitate efficient collaboration and communication globally, English proficiency is a requirement for all roles unless stated otherwise in the job posting.
To all recruitment agencies: Google does not accept agency resumes. Please do not forward resumes to our jobs alias, Google employees, or any other organization location. Google is not responsible for any fees related to unsolicited resumes.
Follow Life at Google on
More about us
About us
open_in_new
Contact us
open_in_new
Press
open_in_new
Related Information
Investor relations
open_in_new
Blog
open_in_new
Equal Opportunity
Google is proud to be an equal opportunity and affirmative action employer. We are committed to building a workforce that is representative of the users we serve, creating a culture of belonging, and providing an equal employment opportunity regardless of race, creed, color, religion, gender, sexual orientation, gender identity/expression, national origin, disability, age, genetic information, veteran status, marital status, pregnancy or related condition (including breastfeeding), expecting or parents-to-be, criminal histories consistent with legal requirements, or any other basis protected by law. See also 
 Google's EEO Policy
, 
Know your rights: workplace discrimination is illegal
, 
Belonging at Google
, and 
How we hire
.
More about us
expand_more
Related information
expand_more
Equal opportunity
expand_more
Privacy
open_in_new
Applicant & Candidate Privacy
open_in_new
Terms
open_in_new
help
Help
open_in_new

Follow Life at Google on
More about us
About us
open_in_new
Contact us
open_in_new
Press
open_in_new
Related Information
Investor relations
open_in_new
Blog
open_in_new
Equal Opportunity
Google is proud to be an equal opportunity and affirmative action employer. We are committed to building a workforce that is representative of the users we serve, creating a culture of belonging, and providing an equal employment opportunity regardless of race, creed, color, religion, gender, sexual orientation, gender identity/expression, national origin, disability, age, genetic information, veteran status, marital status, pregnancy or related condition (including breastfeeding), expecting or parents-to-be, criminal histories consistent with legal requirements, or any other basis protected by law. See also 
 Google's EEO Policy
, 
Know your rights: workplace discrimination is illegal
, 
Belonging at Google
, and 
How we hire
.
More about us
expand_more
Related information
expand_more
Equal opportunity
expand_more
Privacy
open_in_new
Applicant & Candidate Privacy
open_in_new
Terms
open_in_new
help
Help
open_in_new








Google apps
Main menu"
Google,"Senior Software Engineer, Machine Learning, Google Assistant — Google Careers",https://www.google.com/about/careers/applications/jobs/results/117604885100143302-senior-software-engineer-machine-learning-google-assistant?degree=BACHELORS&q=Software%20Engineer&employment_type=FULL_TIME&sort_by=date&target_level=EARLY&target_level=MID&location=New%20York%2C%20NY%2C%20USA&page=2,2024-07-24 01:30,2024-07-24 01:30,2024-07-24 01:30,"Senior Software Engineer, Machine Learning, Google Assistant — Google Careers






Careers
Careers
Skip to main content
Teams
Locations
Benefits
Jobs
Students
Your career
arrow_drop_down
Your career menu
Applications
Profile
Saved jobs
Job alerts
Sign in

Applications
Profile
Search jobs
Saved jobs
Job alerts
Teams
Locations
Benefits
Jobs
Students
Help
Send Feedback
job details
arrow_back
Back to jobs search
Jobs search results
34
  jobs matched
Senior Software Engineer, Google Cloud Security and Privacy
New York, NY, USA
Senior Software Engineer, Machine Learning, Google Research
Mountain View, CA, USA
; Atlanta, GA, USA
; +2 more
; +1 more
Senior Software Engineer, Mobile (iOS), Geo
New York, NY, USA
Senior Software Engineer, Machine Learning, Google Assistant
Mountain View, CA, USA
; New York, NY, USA
Software Engineer, Google Cloud Software Development Kit
New York, NY, USA
; Kirkland, New York, USA
; +3 more
; +2 more
Software Engineer III, Machine Learning, Google Research
Mountain View, CA, USA
; Seattle, WA, USA
; +2 more
; +1 more
Software Engineer, AI/ML, Learning Platform
Mountain View, CA, USA
; New York, NY, USA
Senior Software Engineer, Generative AI, Google Workspace
New York, NY, USA
Senior Software Developer, Machine Learning, Google Cloud Platforms
Kirkland, WA, USA
; Seattle, WA, USA
; +3 more
; +2 more
 | Remote eligible
Senior Software Engineer, Infrastructure, Google Assistant
New York, NY, USA
Senior Software Engineer, Mobile (Android), Platforms & Ecosystems
Cambridge, MA, USA
; New York, NY, USA
Senior Software Engineer, Machine Learning, Android
Mountain View, CA, USA
; New York, NY, USA
; +2 more
; +1 more
Senior Software Engineer, Machine Learning, Gemini
Mountain View, CA, USA
; New York, NY, USA
Senior Software Engineer, Infrastructure, Google Cloud NetInfra
Sunnyvale, CA, USA
; New York, NY, USA
21‑34 of 34
navigate_before
Follow Life at Google on
More about us
About us
open_in_new
Contact us
open_in_new
Press
open_in_new
Related Information
Investor relations
open_in_new
Blog
open_in_new
Equal Opportunity
Google is proud to be an equal opportunity and affirmative action employer. We are committed to building a workforce that is representative of the users we serve, creating a culture of belonging, and providing an equal employment opportunity regardless of race, creed, color, religion, gender, sexual orientation, gender identity/expression, national origin, disability, age, genetic information, veteran status, marital status, pregnancy or related condition (including breastfeeding), expecting or parents-to-be, criminal histories consistent with legal requirements, or any other basis protected by law. See also 
 Google's EEO Policy
, 
Know your rights: workplace discrimination is illegal
, 
Belonging at Google
, and 
How we hire
.
More about us
expand_more
Related information
expand_more
Equal opportunity
expand_more
Privacy
open_in_new
Applicant & Candidate Privacy
open_in_new
Terms
open_in_new
help
Help
open_in_new
arrow_back
Back to jobs search
Senior Software Engineer, Machine Learning, Google Assistant
share
link
Copy link
email
Email a friend
corporate_fare
Google
place
Mountain View, CA, USA
; New York, NY, USA
bar_chart
Mid
Mid
Experience driving progress, solving problems, and mentoring more junior team members; deeper expertise and applied knowledge within relevant area.
Apply
share
link
Copy link
email
Email a friend
info_outline
X
Info Note: By applying to this position you will have an opportunity to share your preferred working location from the following: Mountain View, CA, USA; New York, NY, USA.
Note: By applying to this position you will have an opportunity to share your preferred working location from the following: 
Mountain View, CA, USA; New York, NY, USA
.
Minimum qualifications:
Bachelor’s degree or equivalent practical experience.

5 years of experience with software development in one or more programming languages, and with data structures/algorithms.

3 years of experience testing, maintaining or launching software products, and 1 year of experience with software design and architecture.
3 years of experience with ML/AI algorithms and tools, deep learning or natural language processing.
Preferred qualifications:
Master's degree or PhD in Computer Science or related technical field.



1 year of experience in a technical leadership role.
Experience developing accessible technologies.
About the job
Google's software engineers develop the next-generation technologies that change how billions of users connect, explore, and interact with information and one another. Our products need to handle information at massive scale, and extend well beyond web search. We're looking for engineers who bring fresh ideas from all areas, including information retrieval, distributed computing, large-scale system design, networking and data storage, security, artificial intelligence, natural language processing, UI design and mobile; the list goes on and is growing every day. As a software engineer, you will work on a specific project critical to Google’s needs with opportunities to switch teams and projects as you and our fast-paced business grow and evolve. We need our engineers to be versatile, display leadership qualities and be enthusiastic to take on new problems across the full-stack as we continue to push technology forward.
With your technical expertise you will manage project priorities, deadlines, and deliverables. You will design, develop, test, deploy, maintain, and enhance software solutions.Google is an engineering company at heart. We hire people with a broad set of technical skills who are ready to take on some of technology's greatest challenges and make an impact on users around the world. At Google, engineers not only revolutionize search, they routinely work on scalability and storage solutions, large-scale applications and entirely new platforms for developers around the world. From Google Ads to Chrome, Android to YouTube, social to local, Google engineers are changing the world one technological achievement after another.
The US base salary range for this full-time position is $161,000-$239,000 + bonus + equity + benefits. Our salary ranges are determined by role, level, and location. The range displayed on each job posting reflects the minimum and maximum target for new hire salaries for the position across all US locations. Within the range, individual pay is determined by work location and additional factors, including job-related skills, experience, and relevant education or training. Your recruiter can share more about the specific salary range for your preferred location during the hiring process. 
Please note that the compensation details listed in US role postings reflect the base salary only, and do not include bonus, equity, or benefits. Learn more about 
benefits at Google
.
Responsibilities
Write and test product or system development code.

Participate in, or lead design reviews with peers and stakeholders to decide amongst available technologies.

Review code developed by other developers and provide feedback to ensure best practices (e.g., style guidelines, checking code in, accuracy, testability, and efficiency).

Contribute to existing documentation or educational content and adapt content based on product/program updates and user feedback.

Triage product or system issues and debug/track/resolve by analyzing the sources of issues and the impact on hardware, network, or service operations and quality.

Information collected and processed as part of your Google Careers profile, and any job applications you choose to submit is subject to Google's 
Applicant and Candidate Privacy Policy
.
Google is proud to be an equal opportunity and affirmative action employer. We are committed to building a workforce that is representative of the users we serve, creating a culture of belonging, and providing an equal employment opportunity regardless of race, creed, color, religion, gender, sexual orientation, gender identity/expression, national origin, disability, age, genetic information, veteran status, marital status, pregnancy or related condition (including breastfeeding), expecting or parents-to-be, criminal histories consistent with legal requirements, or any other basis protected by law. See also 
 Google's EEO Policy
, 
Know your rights: workplace discrimination is illegal
, 
Belonging at Google
, and 
How we hire
.
If you have a need that requires accommodation, please let us know by completing our 
Accommodations for Applicants form
.
Google is a global company and, in order to facilitate efficient collaboration and communication globally, English proficiency is a requirement for all roles unless stated otherwise in the job posting.
To all recruitment agencies: Google does not accept agency resumes. Please do not forward resumes to our jobs alias, Google employees, or any other organization location. Google is not responsible for any fees related to unsolicited resumes.
Follow Life at Google on
More about us
About us
open_in_new
Contact us
open_in_new
Press
open_in_new
Related Information
Investor relations
open_in_new
Blog
open_in_new
Equal Opportunity
Google is proud to be an equal opportunity and affirmative action employer. We are committed to building a workforce that is representative of the users we serve, creating a culture of belonging, and providing an equal employment opportunity regardless of race, creed, color, religion, gender, sexual orientation, gender identity/expression, national origin, disability, age, genetic information, veteran status, marital status, pregnancy or related condition (including breastfeeding), expecting or parents-to-be, criminal histories consistent with legal requirements, or any other basis protected by law. See also 
 Google's EEO Policy
, 
Know your rights: workplace discrimination is illegal
, 
Belonging at Google
, and 
How we hire
.
More about us
expand_more
Related information
expand_more
Equal opportunity
expand_more
Privacy
open_in_new
Applicant & Candidate Privacy
open_in_new
Terms
open_in_new
help
Help
open_in_new

Follow Life at Google on
More about us
About us
open_in_new
Contact us
open_in_new
Press
open_in_new
Related Information
Investor relations
open_in_new
Blog
open_in_new
Equal Opportunity
Google is proud to be an equal opportunity and affirmative action employer. We are committed to building a workforce that is representative of the users we serve, creating a culture of belonging, and providing an equal employment opportunity regardless of race, creed, color, religion, gender, sexual orientation, gender identity/expression, national origin, disability, age, genetic information, veteran status, marital status, pregnancy or related condition (including breastfeeding), expecting or parents-to-be, criminal histories consistent with legal requirements, or any other basis protected by law. See also 
 Google's EEO Policy
, 
Know your rights: workplace discrimination is illegal
, 
Belonging at Google
, and 
How we hire
.
More about us
expand_more
Related information
expand_more
Equal opportunity
expand_more
Privacy
open_in_new
Applicant & Candidate Privacy
open_in_new
Terms
open_in_new
help
Help
open_in_new








Main menu
Google apps"
Google,"Software Engineer, Google Cloud Software Development Kit — Google Careers",https://www.google.com/about/careers/applications/jobs/results/131157108606280390-software-engineer-google-cloud-software-development-kit?degree=BACHELORS&q=Software%20Engineer&employment_type=FULL_TIME&sort_by=date&target_level=EARLY&target_level=MID&location=New%20York%2C%20NY%2C%20USA&page=2,2024-07-24 01:30,2024-07-24 01:30,2024-07-24 01:30,"Software Engineer, Google Cloud Software Development Kit — Google Careers






Careers
Careers
Skip to main content
Teams
Locations
Benefits
Jobs
Students
Your career
arrow_drop_down
Your career menu
Applications
Profile
Saved jobs
Job alerts
Sign in

Applications
Profile
Search jobs
Saved jobs
Job alerts
Teams
Locations
Benefits
Jobs
Students
Help
Send Feedback
job details
arrow_back
Back to jobs search
Jobs search results
34
  jobs matched
Senior Software Engineer, Google Cloud Security and Privacy
New York, NY, USA
Senior Software Engineer, Machine Learning, Google Research
Mountain View, CA, USA
; Atlanta, GA, USA
; +2 more
; +1 more
Senior Software Engineer, Mobile (iOS), Geo
New York, NY, USA
Senior Software Engineer, Machine Learning, Google Assistant
Mountain View, CA, USA
; New York, NY, USA
Software Engineer, Google Cloud Software Development Kit
New York, NY, USA
; Kirkland, New York, USA
; +3 more
; +2 more
Software Engineer III, Machine Learning, Google Research
Mountain View, CA, USA
; Seattle, WA, USA
; +2 more
; +1 more
Software Engineer, AI/ML, Learning Platform
Mountain View, CA, USA
; New York, NY, USA
Senior Software Engineer, Generative AI, Google Workspace
New York, NY, USA
Senior Software Developer, Machine Learning, Google Cloud Platforms
Kirkland, WA, USA
; Seattle, WA, USA
; +3 more
; +2 more
 | Remote eligible
Senior Software Engineer, Infrastructure, Google Assistant
New York, NY, USA
Senior Software Engineer, Mobile (Android), Platforms & Ecosystems
Cambridge, MA, USA
; New York, NY, USA
Senior Software Engineer, Machine Learning, Android
Mountain View, CA, USA
; New York, NY, USA
; +2 more
; +1 more
Senior Software Engineer, Machine Learning, Gemini
Mountain View, CA, USA
; New York, NY, USA
Senior Software Engineer, Infrastructure, Google Cloud NetInfra
Sunnyvale, CA, USA
; New York, NY, USA
21‑34 of 34
navigate_before
Follow Life at Google on
More about us
About us
open_in_new
Contact us
open_in_new
Press
open_in_new
Related Information
Investor relations
open_in_new
Blog
open_in_new
Equal Opportunity
Google is proud to be an equal opportunity and affirmative action employer. We are committed to building a workforce that is representative of the users we serve, creating a culture of belonging, and providing an equal employment opportunity regardless of race, creed, color, religion, gender, sexual orientation, gender identity/expression, national origin, disability, age, genetic information, veteran status, marital status, pregnancy or related condition (including breastfeeding), expecting or parents-to-be, criminal histories consistent with legal requirements, or any other basis protected by law. See also 
 Google's EEO Policy
, 
Know your rights: workplace discrimination is illegal
, 
Belonging at Google
, and 
How we hire
.
More about us
expand_more
Related information
expand_more
Equal opportunity
expand_more
Privacy
open_in_new
Applicant & Candidate Privacy
open_in_new
Terms
open_in_new
help
Help
open_in_new
arrow_back
Back to jobs search
Software Engineer, Google Cloud Software Development Kit
share
link
Copy link
email
Email a friend
corporate_fare
Google
place
New York, NY, USA
; Kirkland, New York, USA
; +3 more
; +2 more
bar_chart
Mid
Mid
Experience driving progress, solving problems, and mentoring more junior team members; deeper expertise and applied knowledge within relevant area.
Apply
share
link
Copy link
email
Email a friend
info_outline
X
Info Note: By applying to this position you will have an opportunity to share your preferred working location from the following: New York, NY, USA; Kirkland, New York, USA; San Francisco, CA, USA; Sunnyvale, CA, USA.
Note: By applying to this position you will have an opportunity to share your preferred working location from the following: 
New York, NY, USA; Kirkland, New York, USA; San Francisco, CA, USA; Sunnyvale, CA, USA
.
Minimum qualifications:
Bachelor’s degree or equivalent practical experience.
2 years of experience with software development in C++ or Python, or 1 year of experience with an advanced degree.
2 years of experience with data structures or algorithms in either an academic or industry setting. 
 Experience in the security industry, such as threat detection, malware intelligence, cloud security posture management or identity and access management systems.

Experience implementing multi-factor authentication, single sign-on, identity management, or related technologies.
Preferred qualifications:
Master's degree or PhD in Computer Science or related technical fields.
2 years of experience with performance, large scale systems data analysis, visualization tools, or debugging.
Experience in code and system health, diagnosis and resolution, and software test engineering.
Experience working on developer facing products and with developer ecosystems. 
Experience working with Git, Gerrit, or open source software.
Experience developing accessible technologies. 
About the job
Google's software engineers develop the next-generation technologies that change how billions of users connect, explore, and interact with information and one another. Our products need to handle information at massive scale, and extend well beyond web search. We're looking for engineers who bring fresh ideas from all areas, including information retrieval, distributed computing, large-scale system design, networking and data storage, security, artificial intelligence, natural language processing, UI design and mobile; the list goes on and is growing every day. As a software engineer, you will work on a specific project critical to Google’s needs with opportunities to switch teams and projects as you and our fast-paced business grow and evolve. We need our engineers to be versatile, display leadership qualities and be enthusiastic to take on new problems across the full-stack as we continue to push technology forward.
As a Software Engineer, you will have the opportunity to make a real impact by building and improving the authentication experience for Google Cloud Platform (GCP) developers. You will work with a team of experts in security, identity, and authentication to develop and maintain the libraries and tools that allow developers to securely access Google Cloud resources.
In this role, you will integrate new authentication technologies and standards into our products, benefiting our customers and improving the security of our platform (and all the customers that rely on it). You will work in diverse environments and implement various authentication methods, balancing developer experience with security measures.
Google Cloud accelerates every organization’s ability to digitally transform its business and industry. We deliver enterprise-grade solutions that leverage Google’s cutting-edge technology, and tools that help developers build more sustainably. Customers in more than 200 countries and territories turn to Google Cloud as their trusted partner to enable growth and solve their most critical business problems.
The US base salary range for this full-time position is $136,000-$200,000 + bonus + equity + benefits. Our salary ranges are determined by role, level, and location. The range displayed on each job posting reflects the minimum and maximum target salaries for the position across all US locations. Within the range, individual pay is determined by work location and additional factors, including job-related skills, experience, and relevant education or training. Your recruiter can share more about the specific salary range for your preferred location during the hiring process.
Please note that the compensation details listed in US role postings reflect the base salary only, and do not include bonus, equity, or benefits. Learn more about 
benefits at Google
.
Responsibilities
Write product or system development code.
Participate in, or lead design reviews with peers and stakeholders to decide amongst available technologies.
Review code developed by other developers and provide feedback to ensure best practices (e.g., style guidelines, checking code in, accuracy, testability, and efficiency).
Contribute to existing documentation or educational content and adapt content based on product/program updates and user feedback.
Triage product or system issues and debug/track/resolve by analyzing the sources of issues and the impact on hardware, network, or service operations and quality.
Information collected and processed as part of your Google Careers profile, and any job applications you choose to submit is subject to Google's 
Applicant and Candidate Privacy Policy
.
Google is proud to be an equal opportunity and affirmative action employer. We are committed to building a workforce that is representative of the users we serve, creating a culture of belonging, and providing an equal employment opportunity regardless of race, creed, color, religion, gender, sexual orientation, gender identity/expression, national origin, disability, age, genetic information, veteran status, marital status, pregnancy or related condition (including breastfeeding), expecting or parents-to-be, criminal histories consistent with legal requirements, or any other basis protected by law. See also 
 Google's EEO Policy
, 
Know your rights: workplace discrimination is illegal
, 
Belonging at Google
, and 
How we hire
.
If you have a need that requires accommodation, please let us know by completing our 
Accommodations for Applicants form
.
Google is a global company and, in order to facilitate efficient collaboration and communication globally, English proficiency is a requirement for all roles unless stated otherwise in the job posting.
To all recruitment agencies: Google does not accept agency resumes. Please do not forward resumes to our jobs alias, Google employees, or any other organization location. Google is not responsible for any fees related to unsolicited resumes.
Follow Life at Google on
More about us
About us
open_in_new
Contact us
open_in_new
Press
open_in_new
Related Information
Investor relations
open_in_new
Blog
open_in_new
Equal Opportunity
Google is proud to be an equal opportunity and affirmative action employer. We are committed to building a workforce that is representative of the users we serve, creating a culture of belonging, and providing an equal employment opportunity regardless of race, creed, color, religion, gender, sexual orientation, gender identity/expression, national origin, disability, age, genetic information, veteran status, marital status, pregnancy or related condition (including breastfeeding), expecting or parents-to-be, criminal histories consistent with legal requirements, or any other basis protected by law. See also 
 Google's EEO Policy
, 
Know your rights: workplace discrimination is illegal
, 
Belonging at Google
, and 
How we hire
.
More about us
expand_more
Related information
expand_more
Equal opportunity
expand_more
Privacy
open_in_new
Applicant & Candidate Privacy
open_in_new
Terms
open_in_new
help
Help
open_in_new

Follow Life at Google on
More about us
About us
open_in_new
Contact us
open_in_new
Press
open_in_new
Related Information
Investor relations
open_in_new
Blog
open_in_new
Equal Opportunity
Google is proud to be an equal opportunity and affirmative action employer. We are committed to building a workforce that is representative of the users we serve, creating a culture of belonging, and providing an equal employment opportunity regardless of race, creed, color, religion, gender, sexual orientation, gender identity/expression, national origin, disability, age, genetic information, veteran status, marital status, pregnancy or related condition (including breastfeeding), expecting or parents-to-be, criminal histories consistent with legal requirements, or any other basis protected by law. See also 
 Google's EEO Policy
, 
Know your rights: workplace discrimination is illegal
, 
Belonging at Google
, and 
How we hire
.
More about us
expand_more
Related information
expand_more
Equal opportunity
expand_more
Privacy
open_in_new
Applicant & Candidate Privacy
open_in_new
Terms
open_in_new
help
Help
open_in_new








Main menu
Google apps"
Google,"Software Engineer III, Machine Learning, Google Research — Google Careers",https://www.google.com/about/careers/applications/jobs/results/130715460139131590-software-engineer-iii-machine-learning-google-research?degree=BACHELORS&q=Software%20Engineer&employment_type=FULL_TIME&sort_by=date&target_level=EARLY&target_level=MID&location=New%20York%2C%20NY%2C%20USA&page=2,2024-07-24 01:30,2024-07-24 01:30,2024-07-24 01:30,"Software Engineer III, Machine Learning, Google Research — Google Careers






Careers
Careers
Skip to main content
Teams
Locations
Benefits
Jobs
Students
Your career
arrow_drop_down
Your career menu
Applications
Profile
Saved jobs
Job alerts
Sign in

Applications
Profile
Search jobs
Saved jobs
Job alerts
Teams
Locations
Benefits
Jobs
Students
Help
Send Feedback
job details
arrow_back
Back to jobs search
Jobs search results
34
  jobs matched
Senior Software Engineer, Google Cloud Security and Privacy
New York, NY, USA
Senior Software Engineer, Machine Learning, Google Research
Mountain View, CA, USA
; Atlanta, GA, USA
; +2 more
; +1 more
Senior Software Engineer, Mobile (iOS), Geo
New York, NY, USA
Senior Software Engineer, Machine Learning, Google Assistant
Mountain View, CA, USA
; New York, NY, USA
Software Engineer, Google Cloud Software Development Kit
New York, NY, USA
; Kirkland, New York, USA
; +3 more
; +2 more
Software Engineer III, Machine Learning, Google Research
Mountain View, CA, USA
; Seattle, WA, USA
; +2 more
; +1 more
Software Engineer, AI/ML, Learning Platform
Mountain View, CA, USA
; New York, NY, USA
Senior Software Engineer, Generative AI, Google Workspace
New York, NY, USA
Senior Software Developer, Machine Learning, Google Cloud Platforms
Kirkland, WA, USA
; Seattle, WA, USA
; +3 more
; +2 more
 | Remote eligible
Senior Software Engineer, Infrastructure, Google Assistant
New York, NY, USA
Senior Software Engineer, Mobile (Android), Platforms & Ecosystems
Cambridge, MA, USA
; New York, NY, USA
Senior Software Engineer, Machine Learning, Android
Mountain View, CA, USA
; New York, NY, USA
; +2 more
; +1 more
Senior Software Engineer, Machine Learning, Gemini
Mountain View, CA, USA
; New York, NY, USA
Senior Software Engineer, Infrastructure, Google Cloud NetInfra
Sunnyvale, CA, USA
; New York, NY, USA
21‑34 of 34
navigate_before
Follow Life at Google on
More about us
About us
open_in_new
Contact us
open_in_new
Press
open_in_new
Related Information
Investor relations
open_in_new
Blog
open_in_new
Equal Opportunity
Google is proud to be an equal opportunity and affirmative action employer. We are committed to building a workforce that is representative of the users we serve, creating a culture of belonging, and providing an equal employment opportunity regardless of race, creed, color, religion, gender, sexual orientation, gender identity/expression, national origin, disability, age, genetic information, veteran status, marital status, pregnancy or related condition (including breastfeeding), expecting or parents-to-be, criminal histories consistent with legal requirements, or any other basis protected by law. See also 
 Google's EEO Policy
, 
Know your rights: workplace discrimination is illegal
, 
Belonging at Google
, and 
How we hire
.
More about us
expand_more
Related information
expand_more
Equal opportunity
expand_more
Privacy
open_in_new
Applicant & Candidate Privacy
open_in_new
Terms
open_in_new
help
Help
open_in_new
arrow_back
Back to jobs search
Software Engineer III, Machine Learning, Google Research
share
link
Copy link
email
Email a friend
corporate_fare
Google
place
Mountain View, CA, USA
; Seattle, WA, USA
; +2 more
; +1 more
bar_chart
Mid
Mid
Experience driving progress, solving problems, and mentoring more junior team members; deeper expertise and applied knowledge within relevant area.
Apply
share
link
Copy link
email
Email a friend
info_outline
X
Info Note: By applying to this position you will have an opportunity to share your preferred working location from the following: Mountain View, CA, USA; Seattle, WA, USA; New York, NY, USA.
Note: By applying to this position you will have an opportunity to share your preferred working location from the following: 
Mountain View, CA, USA; Seattle, WA, USA; New York, NY, USA
.
Minimum qualifications:
Bachelor’s degree or equivalent practical experience.


2 years of experience with software development in one or more programming languages, or 1 year of experience with an advanced degree in an industry setting. 
2 years of experience with data structures or algorithms in either an academic or industry setting. 
2 years of experience with machine learning algorithms and tools (e.g., TensorFlow), artificial intelligence, deep learning or natural language processing.
Preferred qualifications:
Master's degree or PhD in Computer Science or related technical field.


2 years of experience with performance, large scale systems data analysis, visualization tools, and/or debugging. 
Experience developing accessible technologies. 
Proficiency in code and system health, diagnosis and resolution, and software test engineering. 
About the job
Google's software engineers develop the next-generation technologies that change how billions of users connect, explore, and interact with information and one another. Our products need to handle information at massive scale, and extend well beyond web search. We're looking for engineers who bring fresh ideas from all areas, including information retrieval, distributed computing, large-scale system design, networking and data storage, security, artificial intelligence, natural language processing, UI design and mobile; the list goes on and is growing every day. As a software engineer, you will work on a specific project critical to Google’s needs with opportunities to switch teams and projects as you and our fast-paced business grow and evolve. We need our engineers to be versatile, display leadership qualities and be enthusiastic to take on new problems across the full-stack as we continue to push technology forward.
With your technical expertise you will manage project priorities, deadlines, and deliverables. You will design, develop, test, deploy, maintain, and enhance software solutions.

Google Research is building the next generation of intelligent systems for all Google products. To achieve this, we’re working on projects that utilize the latest computer science techniques developed by skilled software developers and research scientists. Google Research teams collaborate closely with other teams across Google, maintaining the flexibility and versatility required to adapt new projects and foci that meet the demands of the world's fast-paced business needs.
The US base salary range for this full-time position is $136,000-$200,000 + bonus + equity + benefits. Our salary ranges are determined by role, level, and location. The range displayed on each job posting reflects the minimum and maximum target salaries for the position across all US locations. Within the range, individual pay is determined by work location and additional factors, including job-related skills, experience, and relevant education or training. Your recruiter can share more about the specific salary range for your preferred location during the hiring process.
Please note that the compensation details listed in US role postings reflect the base salary only, and do not include bonus, equity, or benefits. Learn more about 
benefits at Google
.
Responsibilities
Write product or system development code.

Participate in, or lead design reviews with peers and stakeholders to decide amongst available technologies.

Review code developed by other developers and provide feedback to ensure best practices (e.g., style guidelines, checking code in, accuracy, testability, and efficiency).

Contribute to existing documentation or educational content and adapt content based on product/program updates and user feedback.


Triage product or system issues and debug/track/resolve by analyzing the sources of issues and the impact on hardware, network, or service operations and quality.
Information collected and processed as part of your Google Careers profile, and any job applications you choose to submit is subject to Google's 
Applicant and Candidate Privacy Policy
.
Google is proud to be an equal opportunity and affirmative action employer. We are committed to building a workforce that is representative of the users we serve, creating a culture of belonging, and providing an equal employment opportunity regardless of race, creed, color, religion, gender, sexual orientation, gender identity/expression, national origin, disability, age, genetic information, veteran status, marital status, pregnancy or related condition (including breastfeeding), expecting or parents-to-be, criminal histories consistent with legal requirements, or any other basis protected by law. See also 
 Google's EEO Policy
, 
Know your rights: workplace discrimination is illegal
, 
Belonging at Google
, and 
How we hire
.
If you have a need that requires accommodation, please let us know by completing our 
Accommodations for Applicants form
.
Google is a global company and, in order to facilitate efficient collaboration and communication globally, English proficiency is a requirement for all roles unless stated otherwise in the job posting.
To all recruitment agencies: Google does not accept agency resumes. Please do not forward resumes to our jobs alias, Google employees, or any other organization location. Google is not responsible for any fees related to unsolicited resumes.
Follow Life at Google on
More about us
About us
open_in_new
Contact us
open_in_new
Press
open_in_new
Related Information
Investor relations
open_in_new
Blog
open_in_new
Equal Opportunity
Google is proud to be an equal opportunity and affirmative action employer. We are committed to building a workforce that is representative of the users we serve, creating a culture of belonging, and providing an equal employment opportunity regardless of race, creed, color, religion, gender, sexual orientation, gender identity/expression, national origin, disability, age, genetic information, veteran status, marital status, pregnancy or related condition (including breastfeeding), expecting or parents-to-be, criminal histories consistent with legal requirements, or any other basis protected by law. See also 
 Google's EEO Policy
, 
Know your rights: workplace discrimination is illegal
, 
Belonging at Google
, and 
How we hire
.
More about us
expand_more
Related information
expand_more
Equal opportunity
expand_more
Privacy
open_in_new
Applicant & Candidate Privacy
open_in_new
Terms
open_in_new
help
Help
open_in_new

Follow Life at Google on
More about us
About us
open_in_new
Contact us
open_in_new
Press
open_in_new
Related Information
Investor relations
open_in_new
Blog
open_in_new
Equal Opportunity
Google is proud to be an equal opportunity and affirmative action employer. We are committed to building a workforce that is representative of the users we serve, creating a culture of belonging, and providing an equal employment opportunity regardless of race, creed, color, religion, gender, sexual orientation, gender identity/expression, national origin, disability, age, genetic information, veteran status, marital status, pregnancy or related condition (including breastfeeding), expecting or parents-to-be, criminal histories consistent with legal requirements, or any other basis protected by law. See also 
 Google's EEO Policy
, 
Know your rights: workplace discrimination is illegal
, 
Belonging at Google
, and 
How we hire
.
More about us
expand_more
Related information
expand_more
Equal opportunity
expand_more
Privacy
open_in_new
Applicant & Candidate Privacy
open_in_new
Terms
open_in_new
help
Help
open_in_new








Main menu
Google apps"
Google,"Software Engineer, AI/ML, Learning Platform — Google Careers",https://www.google.com/about/careers/applications/jobs/results/115291636853809862-software-engineer-aiml-learning-platform?degree=BACHELORS&q=Software%20Engineer&employment_type=FULL_TIME&sort_by=date&target_level=EARLY&target_level=MID&location=New%20York%2C%20NY%2C%20USA&page=2,2024-07-24 01:30,2024-07-24 01:30,2024-07-24 01:30,"Software Engineer, AI/ML, Learning Platform — Google Careers






Careers
Careers
Skip to main content
Teams
Locations
Benefits
Jobs
Students
Your career
arrow_drop_down
Your career menu
Applications
Profile
Saved jobs
Job alerts
Sign in

Applications
Profile
Search jobs
Saved jobs
Job alerts
Teams
Locations
Benefits
Jobs
Students
Help
Send Feedback
job details
arrow_back
Back to jobs search
Jobs search results
34
  jobs matched
Senior Software Engineer, Google Cloud Security and Privacy
New York, NY, USA
Senior Software Engineer, Machine Learning, Google Research
Mountain View, CA, USA
; Atlanta, GA, USA
; +2 more
; +1 more
Senior Software Engineer, Mobile (iOS), Geo
New York, NY, USA
Senior Software Engineer, Machine Learning, Google Assistant
Mountain View, CA, USA
; New York, NY, USA
Software Engineer, Google Cloud Software Development Kit
New York, NY, USA
; Kirkland, New York, USA
; +3 more
; +2 more
Software Engineer III, Machine Learning, Google Research
Mountain View, CA, USA
; Seattle, WA, USA
; +2 more
; +1 more
Software Engineer, AI/ML, Learning Platform
Mountain View, CA, USA
; New York, NY, USA
Senior Software Engineer, Generative AI, Google Workspace
New York, NY, USA
Senior Software Developer, Machine Learning, Google Cloud Platforms
Kirkland, WA, USA
; Seattle, WA, USA
; +3 more
; +2 more
 | Remote eligible
Senior Software Engineer, Infrastructure, Google Assistant
New York, NY, USA
Senior Software Engineer, Mobile (Android), Platforms & Ecosystems
Cambridge, MA, USA
; New York, NY, USA
Senior Software Engineer, Machine Learning, Android
Mountain View, CA, USA
; New York, NY, USA
; +2 more
; +1 more
Senior Software Engineer, Machine Learning, Gemini
Mountain View, CA, USA
; New York, NY, USA
Senior Software Engineer, Infrastructure, Google Cloud NetInfra
Sunnyvale, CA, USA
; New York, NY, USA
21‑34 of 34
navigate_before
Follow Life at Google on
More about us
About us
open_in_new
Contact us
open_in_new
Press
open_in_new
Related Information
Investor relations
open_in_new
Blog
open_in_new
Equal Opportunity
Google is proud to be an equal opportunity and affirmative action employer. We are committed to building a workforce that is representative of the users we serve, creating a culture of belonging, and providing an equal employment opportunity regardless of race, creed, color, religion, gender, sexual orientation, gender identity/expression, national origin, disability, age, genetic information, veteran status, marital status, pregnancy or related condition (including breastfeeding), expecting or parents-to-be, criminal histories consistent with legal requirements, or any other basis protected by law. See also 
 Google's EEO Policy
, 
Know your rights: workplace discrimination is illegal
, 
Belonging at Google
, and 
How we hire
.
More about us
expand_more
Related information
expand_more
Equal opportunity
expand_more
Privacy
open_in_new
Applicant & Candidate Privacy
open_in_new
Terms
open_in_new
help
Help
open_in_new
arrow_back
Back to jobs search
Software Engineer, AI/ML, Learning Platform
share
link
Copy link
email
Email a friend
corporate_fare
Google
place
Mountain View, CA, USA
; New York, NY, USA
bar_chart
Early
Early
Experience completing work as directed, and collaborating with teammates; developing knowledge of relevant concepts and processes.
Apply
share
link
Copy link
email
Email a friend
info_outline
X
Info Note: By applying to this position you will have an opportunity to share your preferred working location from the following: Mountain View, CA, USA; New York, NY, USA.
Note: By applying to this position you will have an opportunity to share your preferred working location from the following: 
Mountain View, CA, USA; New York, NY, USA
.
Minimum qualifications:
Bachelor’s degree or equivalent practical experience.
1 year of experience with software development in one or more programming languages (e.g., Python, C, C++, Java, JavaScript).
1 year of experience with AI/ML techniques including generative AI, Natural Language Processing (NLP), information retrieval, etc.
Preferred qualifications:
Master's degree in Computer Science or a related technical field.
2 years of experience with AI/ML techniques including generative AI, Natural Language Processing (NLP), information retrieval, etc.
Experience in driving research progress, technical transfer from research to products, or product improvements that depend critically on AI/ML.
Passion for education.
About the job
Google's software engineers develop the next-generation technologies that change how billions of users connect, explore, and interact with information and one another. Our products need to handle information at massive scale, and extend well beyond web search. We're looking for engineers who bring fresh ideas from all areas, including information retrieval, distributed computing, large-scale system design, networking and data storage, security, artificial intelligence, natural language processing, UI design and mobile; the list goes on and is growing every day. As a software engineer, you will work on a specific project critical to Google’s needs with opportunities to switch teams and projects as you and our fast-paced business grow and evolve. We need our engineers to be versatile, display leadership qualities and be enthusiastic to take on new problems across the full-stack as we continue to push technology forward.
With your technical expertise you will manage project priorities, deadlines, and deliverables. You will design, develop, test, deploy, maintain, and enhance software solutions.
Learning is the ongoing quest for understanding, and we made it our mission more than 20 years ago to organize the world’s information to make it universally accessible and useful. The learning landscape is changing, and the Learning and Education team's mission is to help everyone in the world learn anything in the world. We provide the information, tools, and services that help people gain knowledge, fuel curiosity, and prepare for what’s next. We focus our work to add the most value for users to enable learning for school, work, and life. We believe everyone can and should have access to quality learning experiences to reach their full potential.
The US base salary range for this full-time position is $114,000-$168,000 + bonus + equity + benefits. Our salary ranges are determined by role, level, and location. The range displayed on each job posting reflects the minimum and maximum target salaries for the position across all US locations. Within the range, individual pay is determined by work location and additional factors, including job-related skills, experience, and relevant education or training. Your recruiter can share more about the specific salary range for your preferred location during the hiring process.
Please note that the compensation details listed in US role postings reflect the base salary only, and do not include bonus, equity, or benefits. Learn more about benefits at Google.
Responsibilities
Develop, test, deploy, and maintain large-scale software systems using AI/ML techniques including generative AI, natural language processing, information retrieval, etc.
Build, develop, evaluate, and improve the quality of AI models. Ship these capabilities on various Google surfaces meeting required quality and latency requirements.
Collect and analyze data to understand the problem and suggest the best technical approach to address it.
Participate in design review with stakeholders.
Information collected and processed as part of your Google Careers profile, and any job applications you choose to submit is subject to Google's 
Applicant and Candidate Privacy Policy
.
Google is proud to be an equal opportunity and affirmative action employer. We are committed to building a workforce that is representative of the users we serve, creating a culture of belonging, and providing an equal employment opportunity regardless of race, creed, color, religion, gender, sexual orientation, gender identity/expression, national origin, disability, age, genetic information, veteran status, marital status, pregnancy or related condition (including breastfeeding), expecting or parents-to-be, criminal histories consistent with legal requirements, or any other basis protected by law. See also 
 Google's EEO Policy
, 
Know your rights: workplace discrimination is illegal
, 
Belonging at Google
, and 
How we hire
.
If you have a need that requires accommodation, please let us know by completing our 
Accommodations for Applicants form
.
Google is a global company and, in order to facilitate efficient collaboration and communication globally, English proficiency is a requirement for all roles unless stated otherwise in the job posting.
To all recruitment agencies: Google does not accept agency resumes. Please do not forward resumes to our jobs alias, Google employees, or any other organization location. Google is not responsible for any fees related to unsolicited resumes.
Follow Life at Google on
More about us
About us
open_in_new
Contact us
open_in_new
Press
open_in_new
Related Information
Investor relations
open_in_new
Blog
open_in_new
Equal Opportunity
Google is proud to be an equal opportunity and affirmative action employer. We are committed to building a workforce that is representative of the users we serve, creating a culture of belonging, and providing an equal employment opportunity regardless of race, creed, color, religion, gender, sexual orientation, gender identity/expression, national origin, disability, age, genetic information, veteran status, marital status, pregnancy or related condition (including breastfeeding), expecting or parents-to-be, criminal histories consistent with legal requirements, or any other basis protected by law. See also 
 Google's EEO Policy
, 
Know your rights: workplace discrimination is illegal
, 
Belonging at Google
, and 
How we hire
.
More about us
expand_more
Related information
expand_more
Equal opportunity
expand_more
Privacy
open_in_new
Applicant & Candidate Privacy
open_in_new
Terms
open_in_new
help
Help
open_in_new

Follow Life at Google on
More about us
About us
open_in_new
Contact us
open_in_new
Press
open_in_new
Related Information
Investor relations
open_in_new
Blog
open_in_new
Equal Opportunity
Google is proud to be an equal opportunity and affirmative action employer. We are committed to building a workforce that is representative of the users we serve, creating a culture of belonging, and providing an equal employment opportunity regardless of race, creed, color, religion, gender, sexual orientation, gender identity/expression, national origin, disability, age, genetic information, veteran status, marital status, pregnancy or related condition (including breastfeeding), expecting or parents-to-be, criminal histories consistent with legal requirements, or any other basis protected by law. See also 
 Google's EEO Policy
, 
Know your rights: workplace discrimination is illegal
, 
Belonging at Google
, and 
How we hire
.
More about us
expand_more
Related information
expand_more
Equal opportunity
expand_more
Privacy
open_in_new
Applicant & Candidate Privacy
open_in_new
Terms
open_in_new
help
Help
open_in_new








Google apps
Main menu"
Google,"Senior Software Engineer, Generative AI, Google Workspace — Google Careers",https://www.google.com/about/careers/applications/jobs/results/135448443232363206-senior-software-engineer-generative-ai-google-workspace?degree=BACHELORS&q=Software%20Engineer&employment_type=FULL_TIME&sort_by=date&target_level=EARLY&target_level=MID&location=New%20York%2C%20NY%2C%20USA&page=2,2024-07-24 01:30,2024-07-24 01:30,2024-07-24 01:30,"Senior Software Engineer, Generative AI, Google Workspace — Google Careers






Careers
Careers
Skip to main content
Teams
Locations
Benefits
Jobs
Students
Your career
arrow_drop_down
Your career menu
Applications
Profile
Saved jobs
Job alerts
Sign in

Applications
Profile
Search jobs
Saved jobs
Job alerts
Teams
Locations
Benefits
Jobs
Students
Help
Send Feedback
job details
arrow_back
Back to jobs search
Jobs search results
34
  jobs matched
Senior Software Engineer, Google Cloud Security and Privacy
New York, NY, USA
Senior Software Engineer, Machine Learning, Google Research
Mountain View, CA, USA
; Atlanta, GA, USA
; +2 more
; +1 more
Senior Software Engineer, Mobile (iOS), Geo
New York, NY, USA
Senior Software Engineer, Machine Learning, Google Assistant
Mountain View, CA, USA
; New York, NY, USA
Software Engineer, Google Cloud Software Development Kit
New York, NY, USA
; Kirkland, New York, USA
; +3 more
; +2 more
Software Engineer III, Machine Learning, Google Research
Mountain View, CA, USA
; Seattle, WA, USA
; +2 more
; +1 more
Software Engineer, AI/ML, Learning Platform
Mountain View, CA, USA
; New York, NY, USA
Senior Software Engineer, Generative AI, Google Workspace
New York, NY, USA
Senior Software Developer, Machine Learning, Google Cloud Platforms
Kirkland, WA, USA
; Seattle, WA, USA
; +3 more
; +2 more
 | Remote eligible
Senior Software Engineer, Infrastructure, Google Assistant
New York, NY, USA
Senior Software Engineer, Mobile (Android), Platforms & Ecosystems
Cambridge, MA, USA
; New York, NY, USA
Senior Software Engineer, Machine Learning, Android
Mountain View, CA, USA
; New York, NY, USA
; +2 more
; +1 more
Senior Software Engineer, Machine Learning, Gemini
Mountain View, CA, USA
; New York, NY, USA
Senior Software Engineer, Infrastructure, Google Cloud NetInfra
Sunnyvale, CA, USA
; New York, NY, USA
21‑34 of 34
navigate_before
Follow Life at Google on
More about us
About us
open_in_new
Contact us
open_in_new
Press
open_in_new
Related Information
Investor relations
open_in_new
Blog
open_in_new
Equal Opportunity
Google is proud to be an equal opportunity and affirmative action employer. We are committed to building a workforce that is representative of the users we serve, creating a culture of belonging, and providing an equal employment opportunity regardless of race, creed, color, religion, gender, sexual orientation, gender identity/expression, national origin, disability, age, genetic information, veteran status, marital status, pregnancy or related condition (including breastfeeding), expecting or parents-to-be, criminal histories consistent with legal requirements, or any other basis protected by law. See also 
 Google's EEO Policy
, 
Know your rights: workplace discrimination is illegal
, 
Belonging at Google
, and 
How we hire
.
More about us
expand_more
Related information
expand_more
Equal opportunity
expand_more
Privacy
open_in_new
Applicant & Candidate Privacy
open_in_new
Terms
open_in_new
help
Help
open_in_new
arrow_back
Back to jobs search
Senior Software Engineer, Generative AI, Google Workspace
share
link
Copy link
email
Email a friend
corporate_fare
Google
place
New York, NY, USA
bar_chart
Mid
Mid
Experience driving progress, solving problems, and mentoring more junior team members; deeper expertise and applied knowledge within relevant area.
Apply
share
link
Copy link
email
Email a friend
Minimum qualifications:
Bachelor’s degree or equivalent practical experience.

5 years of experience with software development in one or more programming languages, and with data structures/algorithms.

3 years of experience testing, maintaining or launching software products, and 1 year of experience with software design and architecture.
Experience in Generative AI (Large Language Models, Multi-Modal, Large Vision Models).
Experience with machine learning algorithms and tools (e.g., TensorFlow), artificial intelligence, deep learning, natural language processing or other ML discipline.
Preferred qualifications:
Master's degree or PhD in Computer Science or related technical field.



1 year of experience in a technical leadership role. 
Experience developing accessible technologies.
About the job
Google's software engineers develop the next-generation technologies that change how billions of users connect, explore, and interact with information and one another. Our products need to handle information at massive scale, and extend well beyond web search. We're looking for engineers who bring fresh ideas from all areas, including information retrieval, distributed computing, large-scale system design, networking and data storage, security, artificial intelligence, natural language processing, UI design and mobile; the list goes on and is growing every day. As a software engineer, you will work on a specific project critical to Google’s needs with opportunities to switch teams and projects as you and our fast-paced business grow and evolve. We need our engineers to be versatile, display leadership qualities and be enthusiastic to take on new problems across the full-stack as we continue to push technology forward.
The web is what you make of it and our team is helping the world make more of the web. From open-source pros to user-experience extraordinaires, we develop products that help users connect, communicate and collaborate with others. Our consumer products and cloud platforms are giving millions of users at homes, businesses, universities and nonprofits around the world the tools that shape their web experience -- and changing the way they think about computing.
The US base salary range for this full-time position is $161,000-$239,000 + bonus + equity + benefits. Our salary ranges are determined by role, level, and location. The range displayed on each job posting reflects the minimum and maximum target for new hire salaries for the position across all US locations. Within the range, individual pay is determined by work location and additional factors, including job-related skills, experience, and relevant education or training. Your recruiter can share more about the specific salary range for your preferred location during the hiring process. 
Please note that the compensation details listed in US role postings reflect the base salary only, and do not include bonus, equity, or benefits. Learn more about 
benefits at Google
.
Responsibilities
Write and test product or system development code.

Participate in, or lead design reviews with peers and stakeholders to decide amongst available technologies.

Review code developed by other developers and provide feedback to ensure best practices (e.g., style guidelines, checking code in, accuracy, testability, and efficiency).

Contribute to existing documentation or educational content and adapt content based on product/program updates and user feedback.

Triage product or system issues and debug/track/resolve by analyzing the sources of issues and the impact on hardware, network, or service operations and quality.

Information collected and processed as part of your Google Careers profile, and any job applications you choose to submit is subject to Google's 
Applicant and Candidate Privacy Policy
.
Google is proud to be an equal opportunity and affirmative action employer. We are committed to building a workforce that is representative of the users we serve, creating a culture of belonging, and providing an equal employment opportunity regardless of race, creed, color, religion, gender, sexual orientation, gender identity/expression, national origin, disability, age, genetic information, veteran status, marital status, pregnancy or related condition (including breastfeeding), expecting or parents-to-be, criminal histories consistent with legal requirements, or any other basis protected by law. See also 
 Google's EEO Policy
, 
Know your rights: workplace discrimination is illegal
, 
Belonging at Google
, and 
How we hire
.
If you have a need that requires accommodation, please let us know by completing our 
Accommodations for Applicants form
.
Google is a global company and, in order to facilitate efficient collaboration and communication globally, English proficiency is a requirement for all roles unless stated otherwise in the job posting.
To all recruitment agencies: Google does not accept agency resumes. Please do not forward resumes to our jobs alias, Google employees, or any other organization location. Google is not responsible for any fees related to unsolicited resumes.
Follow Life at Google on
More about us
About us
open_in_new
Contact us
open_in_new
Press
open_in_new
Related Information
Investor relations
open_in_new
Blog
open_in_new
Equal Opportunity
Google is proud to be an equal opportunity and affirmative action employer. We are committed to building a workforce that is representative of the users we serve, creating a culture of belonging, and providing an equal employment opportunity regardless of race, creed, color, religion, gender, sexual orientation, gender identity/expression, national origin, disability, age, genetic information, veteran status, marital status, pregnancy or related condition (including breastfeeding), expecting or parents-to-be, criminal histories consistent with legal requirements, or any other basis protected by law. See also 
 Google's EEO Policy
, 
Know your rights: workplace discrimination is illegal
, 
Belonging at Google
, and 
How we hire
.
More about us
expand_more
Related information
expand_more
Equal opportunity
expand_more
Privacy
open_in_new
Applicant & Candidate Privacy
open_in_new
Terms
open_in_new
help
Help
open_in_new

Follow Life at Google on
More about us
About us
open_in_new
Contact us
open_in_new
Press
open_in_new
Related Information
Investor relations
open_in_new
Blog
open_in_new
Equal Opportunity
Google is proud to be an equal opportunity and affirmative action employer. We are committed to building a workforce that is representative of the users we serve, creating a culture of belonging, and providing an equal employment opportunity regardless of race, creed, color, religion, gender, sexual orientation, gender identity/expression, national origin, disability, age, genetic information, veteran status, marital status, pregnancy or related condition (including breastfeeding), expecting or parents-to-be, criminal histories consistent with legal requirements, or any other basis protected by law. See also 
 Google's EEO Policy
, 
Know your rights: workplace discrimination is illegal
, 
Belonging at Google
, and 
How we hire
.
More about us
expand_more
Related information
expand_more
Equal opportunity
expand_more
Privacy
open_in_new
Applicant & Candidate Privacy
open_in_new
Terms
open_in_new
help
Help
open_in_new








Main menu
Google apps"
Google,"Senior Software Developer, Machine Learning, Google Cloud Platforms — Google Careers",https://www.google.com/about/careers/applications/jobs/results/143115543971275462-senior-software-developer-machine-learning-google-cloud-platforms?degree=BACHELORS&q=Software%20Engineer&employment_type=FULL_TIME&sort_by=date&target_level=EARLY&target_level=MID&location=New%20York%2C%20NY%2C%20USA&page=2,2024-07-24 01:30,2024-07-24 01:30,2024-07-24 01:30,"Senior Software Developer, Machine Learning, Google Cloud Platforms — Google Careers






Careers
Careers
Skip to main content
Teams
Locations
Benefits
Jobs
Students
Your career
arrow_drop_down
Your career menu
Applications
Profile
Saved jobs
Job alerts
Sign in

Applications
Profile
Search jobs
Saved jobs
Job alerts
Teams
Locations
Benefits
Jobs
Students
Help
Send Feedback
job details
arrow_back
Back to jobs search
Jobs search results
34
  jobs matched
Senior Software Engineer, Google Cloud Security and Privacy
New York, NY, USA
Senior Software Engineer, Machine Learning, Google Research
Mountain View, CA, USA
; Atlanta, GA, USA
; +2 more
; +1 more
Senior Software Engineer, Mobile (iOS), Geo
New York, NY, USA
Senior Software Engineer, Machine Learning, Google Assistant
Mountain View, CA, USA
; New York, NY, USA
Software Engineer, Google Cloud Software Development Kit
New York, NY, USA
; Kirkland, New York, USA
; +3 more
; +2 more
Software Engineer III, Machine Learning, Google Research
Mountain View, CA, USA
; Seattle, WA, USA
; +2 more
; +1 more
Software Engineer, AI/ML, Learning Platform
Mountain View, CA, USA
; New York, NY, USA
Senior Software Engineer, Generative AI, Google Workspace
New York, NY, USA
Senior Software Developer, Machine Learning, Google Cloud Platforms
Kirkland, WA, USA
; Seattle, WA, USA
; +3 more
; +2 more
 | Remote eligible
Senior Software Engineer, Infrastructure, Google Assistant
New York, NY, USA
Senior Software Engineer, Mobile (Android), Platforms & Ecosystems
Cambridge, MA, USA
; New York, NY, USA
Senior Software Engineer, Machine Learning, Android
Mountain View, CA, USA
; New York, NY, USA
; +2 more
; +1 more
Senior Software Engineer, Machine Learning, Gemini
Mountain View, CA, USA
; New York, NY, USA
Senior Software Engineer, Infrastructure, Google Cloud NetInfra
Sunnyvale, CA, USA
; New York, NY, USA
21‑34 of 34
navigate_before
Follow Life at Google on
More about us
About us
open_in_new
Contact us
open_in_new
Press
open_in_new
Related Information
Investor relations
open_in_new
Blog
open_in_new
Equal Opportunity
Google is proud to be an equal opportunity and affirmative action employer. We are committed to building a workforce that is representative of the users we serve, creating a culture of belonging, and providing an equal employment opportunity regardless of race, creed, color, religion, gender, sexual orientation, gender identity/expression, national origin, disability, age, genetic information, veteran status, marital status, pregnancy or related condition (including breastfeeding), expecting or parents-to-be, criminal histories consistent with legal requirements, or any other basis protected by law. See also 
 Google's EEO Policy
, 
Know your rights: workplace discrimination is illegal
, 
Belonging at Google
, and 
How we hire
.
More about us
expand_more
Related information
expand_more
Equal opportunity
expand_more
Privacy
open_in_new
Applicant & Candidate Privacy
open_in_new
Terms
open_in_new
help
Help
open_in_new
arrow_back
Back to jobs search
Senior Software Developer, Machine Learning, Google Cloud Platforms
share
link
Copy link
email
Email a friend
corporate_fare
Google
place
Kirkland, WA, USA
; Seattle, WA, USA
; +3 more
; +2 more
laptop_windows
Remote eligible
bar_chart
Mid
Mid
Experience driving progress, solving problems, and mentoring more junior team members; deeper expertise and applied knowledge within relevant area.
Apply
share
link
Copy link
email
Email a friend
info_outline
X
Info The application window will be open until at least July 10, 2024. This opportunity will remain online based on business needs which may be before or after the specified date.Note: Google’s hybrid workplace includes remote and in-office roles. By applying to this position you will have an opportunity to share your preferred working location from the following:

In-office locations: Kirkland, WA, USA; Seattle, WA, USA; Sunnyvale, CA, USA.
Remote location(s): United States.
The application window will be open until at least July 10, 2024. This opportunity will remain online based on business needs which may be before or after the specified date.Note: Google’s hybrid workplace includes remote and in-office roles. By applying to this position you will have an opportunity to share your preferred working location from the following:
In-office locations: Kirkland, WA, USA; Seattle, WA, USA; Sunnyvale, CA, USA.
Remote location(s): United States.
Minimum qualifications:
Bachelor’s degree or equivalent practical experience.

5 years of experience with software development in one or more programming languages, and with data structures/algorithms.

3 years of experience testing, maintaining or launching software products, and 1 year of experience with software design and architecture.
3 years of experience with ML/AI algorithms and tools, deep learning or natural language processing.
Preferred qualifications:
Master's degree or PhD in Computer Science or related technical field.



1 year of experience in a technical leadership role.
Experience developing accessible technologies.
About the job
Google's software developers develop the next-generation technologies that change how billions of users connect, explore, and interact with information and one another. Our products need to handle information at massive scale, and extend well beyond web search. We're looking for software developers who bring fresh ideas from all areas, including information retrieval, distributed computing, large-scale system design, networking and data storage, security, artificial intelligence, natural language processing, UI design and mobile; the list goes on and is growing every day. As a software developer, you will work on a specific project critical to Google’s needs with opportunities to switch teams and projects as you and our fast-paced business grow and evolve. We need our software developers to be versatile, display leadership qualities and be enthusiastic to take on new problems across the full-stack as we continue to push technology forward.
With your technical expertise you will manage project priorities, deadlines, and deliverables. You will design, develop, test, deploy, maintain, and enhance software solutions.
Behind everything our users see online is the architecture built by the Technical Infrastructure team to keep it running. From developing and maintaining our data centers to building the next generation of Google platforms, we make Google's product portfolio possible. We're proud and love voiding warranties by taking things apart so we can rebuild them. We keep our networks up and running, ensuring our users have the best and fastest experience possible.
Google Cloud accelerates every organization’s ability to digitally transform its business and industry. We deliver enterprise-grade solutions that leverage Google’s cutting-edge technology, and tools that help developers build more sustainably. Customers in more than 200 countries and territories turn to Google Cloud as their trusted partner to enable growth and solve their most critical business problems.
The US base salary range for this full-time position is $161,000-$239,000 + bonus + equity + benefits. Our salary ranges are determined by role, level, and location. The range displayed on each job posting reflects the minimum and maximum target salaries for the position across all US locations. Within the range, individual pay is determined by work location and additional factors, including job-related skills, experience, and relevant education or training. Your recruiter can share more about the specific salary range for your preferred location during the hiring process.
Please note that the compensation details listed in US role postings reflect the base salary only, and do not include bonus, equity, or benefits. Learn more about 
benefits at Google
.
Responsibilities
Write and test product or system development code.

Participate in, or lead design reviews with peers and stakeholders to decide amongst available technologies.

Review code developed by other developers and provide feedback to ensure best practices (e.g., style guidelines, checking code in, accuracy, testability, and efficiency).

Contribute to existing documentation or educational content and adapt content based on product/program updates and user feedback.

Triage product or system issues and debug/track/resolve by analyzing the sources of issues and the impact on hardware, network, or service operations and quality.

Information collected and processed as part of your Google Careers profile, and any job applications you choose to submit is subject to Google's 
Applicant and Candidate Privacy Policy
.
Google is proud to be an equal opportunity and affirmative action employer. We are committed to building a workforce that is representative of the users we serve, creating a culture of belonging, and providing an equal employment opportunity regardless of race, creed, color, religion, gender, sexual orientation, gender identity/expression, national origin, disability, age, genetic information, veteran status, marital status, pregnancy or related condition (including breastfeeding), expecting or parents-to-be, criminal histories consistent with legal requirements, or any other basis protected by law. See also 
 Google's EEO Policy
, 
Know your rights: workplace discrimination is illegal
, 
Belonging at Google
, and 
How we hire
.
If you have a need that requires accommodation, please let us know by completing our 
Accommodations for Applicants form
.
Google is a global company and, in order to facilitate efficient collaboration and communication globally, English proficiency is a requirement for all roles unless stated otherwise in the job posting.
To all recruitment agencies: Google does not accept agency resumes. Please do not forward resumes to our jobs alias, Google employees, or any other organization location. Google is not responsible for any fees related to unsolicited resumes.
Follow Life at Google on
More about us
About us
open_in_new
Contact us
open_in_new
Press
open_in_new
Related Information
Investor relations
open_in_new
Blog
open_in_new
Equal Opportunity
Google is proud to be an equal opportunity and affirmative action employer. We are committed to building a workforce that is representative of the users we serve, creating a culture of belonging, and providing an equal employment opportunity regardless of race, creed, color, religion, gender, sexual orientation, gender identity/expression, national origin, disability, age, genetic information, veteran status, marital status, pregnancy or related condition (including breastfeeding), expecting or parents-to-be, criminal histories consistent with legal requirements, or any other basis protected by law. See also 
 Google's EEO Policy
, 
Know your rights: workplace discrimination is illegal
, 
Belonging at Google
, and 
How we hire
.
More about us
expand_more
Related information
expand_more
Equal opportunity
expand_more
Privacy
open_in_new
Applicant & Candidate Privacy
open_in_new
Terms
open_in_new
help
Help
open_in_new

Follow Life at Google on
More about us
About us
open_in_new
Contact us
open_in_new
Press
open_in_new
Related Information
Investor relations
open_in_new
Blog
open_in_new
Equal Opportunity
Google is proud to be an equal opportunity and affirmative action employer. We are committed to building a workforce that is representative of the users we serve, creating a culture of belonging, and providing an equal employment opportunity regardless of race, creed, color, religion, gender, sexual orientation, gender identity/expression, national origin, disability, age, genetic information, veteran status, marital status, pregnancy or related condition (including breastfeeding), expecting or parents-to-be, criminal histories consistent with legal requirements, or any other basis protected by law. See also 
 Google's EEO Policy
, 
Know your rights: workplace discrimination is illegal
, 
Belonging at Google
, and 
How we hire
.
More about us
expand_more
Related information
expand_more
Equal opportunity
expand_more
Privacy
open_in_new
Applicant & Candidate Privacy
open_in_new
Terms
open_in_new
help
Help
open_in_new








Main menu
Google apps"
Google,"Senior Software Engineer, Infrastructure, Google Assistant — Google Careers",https://www.google.com/about/careers/applications/jobs/results/138086511466685126-senior-software-engineer-infrastructure-google-assistant?degree=BACHELORS&q=Software%20Engineer&employment_type=FULL_TIME&sort_by=date&target_level=EARLY&target_level=MID&location=New%20York%2C%20NY%2C%20USA&page=2,2024-07-24 01:30,2024-07-24 01:30,2024-07-24 01:30,"Senior Software Engineer, Infrastructure, Google Assistant — Google Careers






Careers
Careers
Skip to main content
Teams
Locations
Benefits
Jobs
Students
Your career
arrow_drop_down
Your career menu
Applications
Profile
Saved jobs
Job alerts
Sign in

Applications
Profile
Search jobs
Saved jobs
Job alerts
Teams
Locations
Benefits
Jobs
Students
Help
Send Feedback
job details
arrow_back
Back to jobs search
Jobs search results
34
  jobs matched
Senior Software Engineer, Google Cloud Security and Privacy
New York, NY, USA
Senior Software Engineer, Machine Learning, Google Research
Mountain View, CA, USA
; Atlanta, GA, USA
; +2 more
; +1 more
Senior Software Engineer, Mobile (iOS), Geo
New York, NY, USA
Senior Software Engineer, Machine Learning, Google Assistant
Mountain View, CA, USA
; New York, NY, USA
Software Engineer, Google Cloud Software Development Kit
New York, NY, USA
; Kirkland, New York, USA
; +3 more
; +2 more
Software Engineer III, Machine Learning, Google Research
Mountain View, CA, USA
; Seattle, WA, USA
; +2 more
; +1 more
Software Engineer, AI/ML, Learning Platform
Mountain View, CA, USA
; New York, NY, USA
Senior Software Engineer, Generative AI, Google Workspace
New York, NY, USA
Senior Software Developer, Machine Learning, Google Cloud Platforms
Kirkland, WA, USA
; Seattle, WA, USA
; +3 more
; +2 more
 | Remote eligible
Senior Software Engineer, Infrastructure, Google Assistant
New York, NY, USA
Senior Software Engineer, Mobile (Android), Platforms & Ecosystems
Cambridge, MA, USA
; New York, NY, USA
Senior Software Engineer, Machine Learning, Android
Mountain View, CA, USA
; New York, NY, USA
; +2 more
; +1 more
Senior Software Engineer, Machine Learning, Gemini
Mountain View, CA, USA
; New York, NY, USA
Senior Software Engineer, Infrastructure, Google Cloud NetInfra
Sunnyvale, CA, USA
; New York, NY, USA
21‑34 of 34
navigate_before
Follow Life at Google on
More about us
About us
open_in_new
Contact us
open_in_new
Press
open_in_new
Related Information
Investor relations
open_in_new
Blog
open_in_new
Equal Opportunity
Google is proud to be an equal opportunity and affirmative action employer. We are committed to building a workforce that is representative of the users we serve, creating a culture of belonging, and providing an equal employment opportunity regardless of race, creed, color, religion, gender, sexual orientation, gender identity/expression, national origin, disability, age, genetic information, veteran status, marital status, pregnancy or related condition (including breastfeeding), expecting or parents-to-be, criminal histories consistent with legal requirements, or any other basis protected by law. See also 
 Google's EEO Policy
, 
Know your rights: workplace discrimination is illegal
, 
Belonging at Google
, and 
How we hire
.
More about us
expand_more
Related information
expand_more
Equal opportunity
expand_more
Privacy
open_in_new
Applicant & Candidate Privacy
open_in_new
Terms
open_in_new
help
Help
open_in_new
arrow_back
Back to jobs search
Senior Software Engineer, Infrastructure, Google Assistant
share
link
Copy link
email
Email a friend
corporate_fare
Google
place
New York, NY, USA
bar_chart
Mid
Mid
Experience driving progress, solving problems, and mentoring more junior team members; deeper expertise and applied knowledge within relevant area.
Apply
share
link
Copy link
email
Email a friend
Minimum qualifications:
Bachelor’s degree or equivalent practical experience.

5 years of experience with software development in one or more programming languages, and with data structures/algorithms.
3 years of experience testing, maintaining, or launching software products, and 1 year of experience with software design and architecture.

3 years of experience developing large-scale infrastructure, distributed systems or networks, or experience with compute technologies, storage or hardware architecture.
Preferred qualifications:
Master's degree or PhD in Computer Science or related technical field.

1 year of experience in a technical leadership role.

Experience developing accessible technologies.

About the job
Google's software engineers develop the next-generation technologies that change how billions of users connect, explore, and interact with information and one another. Our products need to handle information at massive scale, and extend well beyond web search. We're looking for engineers who bring fresh ideas from all areas, including information retrieval, distributed computing, large-scale system design, networking and data storage, security, artificial intelligence, natural language processing, UI design and mobile; the list goes on and is growing every day. As a software engineer, you will work on a specific project critical to Google’s needs with opportunities to switch teams and projects as you and our fast-paced business grow and evolve. We need our engineers to be versatile, display leadership qualities and be enthusiastic to take on new problems across the full-stack as we continue to push technology forward.
With your technical expertise you will manage project priorities, deadlines, and deliverables. You will design, develop, test, deploy, maintain, and enhance software solutions.
Google is an engineering company at heart. We hire people with a broad set of technical skills who are ready to take on some of technology's greatest challenges and make an impact on users around the world. At Google, engineers not only revolutionize search, they routinely work on scalability and storage solutions, large-scale applications and entirely new platforms for developers around the world. From Google Ads to Chrome, Android to YouTube, social to local, Google engineers are changing the world one technological achievement after another.
The US base salary range for this full-time position is $161,000-$239,000 + bonus + equity + benefits. Our salary ranges are determined by role, level, and location. The range displayed on each job posting reflects the minimum and maximum target salaries for the position across all US locations. Within the range, individual pay is determined by work location and additional factors, including job-related skills, experience, and relevant education or training. Your recruiter can share more about the specific salary range for your preferred location during the hiring process.
Please note that the compensation details listed in US role postings reflect the base salary only, and do not include bonus, equity, or benefits. Learn more about 
benefits at Google
.
Responsibilities
Write and test product or system development code.
Participate in, or lead design reviews with peers and stakeholders to decide amongst available technologies.

Review code developed by other developers and provide feedback to ensure best practices (e.g., style guidelines, checking code in, accuracy, testability, and efficiency).
Contribute to existing documentation or educational content and adapt content based on product/program updates and user feedback.

Triage product or system issues and debug/track/resolve by analyzing the sources of issues and the impact on hardware, network, or service operations and quality.
Information collected and processed as part of your Google Careers profile, and any job applications you choose to submit is subject to Google's 
Applicant and Candidate Privacy Policy
.
Google is proud to be an equal opportunity and affirmative action employer. We are committed to building a workforce that is representative of the users we serve, creating a culture of belonging, and providing an equal employment opportunity regardless of race, creed, color, religion, gender, sexual orientation, gender identity/expression, national origin, disability, age, genetic information, veteran status, marital status, pregnancy or related condition (including breastfeeding), expecting or parents-to-be, criminal histories consistent with legal requirements, or any other basis protected by law. See also 
 Google's EEO Policy
, 
Know your rights: workplace discrimination is illegal
, 
Belonging at Google
, and 
How we hire
.
If you have a need that requires accommodation, please let us know by completing our 
Accommodations for Applicants form
.
Google is a global company and, in order to facilitate efficient collaboration and communication globally, English proficiency is a requirement for all roles unless stated otherwise in the job posting.
To all recruitment agencies: Google does not accept agency resumes. Please do not forward resumes to our jobs alias, Google employees, or any other organization location. Google is not responsible for any fees related to unsolicited resumes.
Follow Life at Google on
More about us
About us
open_in_new
Contact us
open_in_new
Press
open_in_new
Related Information
Investor relations
open_in_new
Blog
open_in_new
Equal Opportunity
Google is proud to be an equal opportunity and affirmative action employer. We are committed to building a workforce that is representative of the users we serve, creating a culture of belonging, and providing an equal employment opportunity regardless of race, creed, color, religion, gender, sexual orientation, gender identity/expression, national origin, disability, age, genetic information, veteran status, marital status, pregnancy or related condition (including breastfeeding), expecting or parents-to-be, criminal histories consistent with legal requirements, or any other basis protected by law. See also 
 Google's EEO Policy
, 
Know your rights: workplace discrimination is illegal
, 
Belonging at Google
, and 
How we hire
.
More about us
expand_more
Related information
expand_more
Equal opportunity
expand_more
Privacy
open_in_new
Applicant & Candidate Privacy
open_in_new
Terms
open_in_new
help
Help
open_in_new

Follow Life at Google on
More about us
About us
open_in_new
Contact us
open_in_new
Press
open_in_new
Related Information
Investor relations
open_in_new
Blog
open_in_new
Equal Opportunity
Google is proud to be an equal opportunity and affirmative action employer. We are committed to building a workforce that is representative of the users we serve, creating a culture of belonging, and providing an equal employment opportunity regardless of race, creed, color, religion, gender, sexual orientation, gender identity/expression, national origin, disability, age, genetic information, veteran status, marital status, pregnancy or related condition (including breastfeeding), expecting or parents-to-be, criminal histories consistent with legal requirements, or any other basis protected by law. See also 
 Google's EEO Policy
, 
Know your rights: workplace discrimination is illegal
, 
Belonging at Google
, and 
How we hire
.
More about us
expand_more
Related information
expand_more
Equal opportunity
expand_more
Privacy
open_in_new
Applicant & Candidate Privacy
open_in_new
Terms
open_in_new
help
Help
open_in_new








Main menu
Google apps"
Google,"Senior Software Engineer, Mobile (Android), Platforms & Ecosystems — Google Careers",https://www.google.com/about/careers/applications/jobs/results/121307492654162630-senior-software-engineer-mobile-android-platforms-ecosystems?degree=BACHELORS&q=Software%20Engineer&employment_type=FULL_TIME&sort_by=date&target_level=EARLY&target_level=MID&location=New%20York%2C%20NY%2C%20USA&page=2,2024-07-24 01:30,2024-07-24 01:30,2024-07-24 01:30,"Senior Software Engineer, Mobile (Android), Platforms & Ecosystems — Google Careers






Careers
Careers
Skip to main content
Teams
Locations
Benefits
Jobs
Students
Your career
arrow_drop_down
Your career menu
Applications
Profile
Saved jobs
Job alerts
Sign in

Applications
Profile
Search jobs
Saved jobs
Job alerts
Teams
Locations
Benefits
Jobs
Students
Help
Send Feedback
job details
arrow_back
Back to jobs search
Jobs search results
34
  jobs matched
Senior Software Engineer, Google Cloud Security and Privacy
New York, NY, USA
Senior Software Engineer, Machine Learning, Google Research
Mountain View, CA, USA
; Atlanta, GA, USA
; +2 more
; +1 more
Senior Software Engineer, Mobile (iOS), Geo
New York, NY, USA
Senior Software Engineer, Machine Learning, Google Assistant
Mountain View, CA, USA
; New York, NY, USA
Software Engineer, Google Cloud Software Development Kit
New York, NY, USA
; Kirkland, New York, USA
; +3 more
; +2 more
Software Engineer III, Machine Learning, Google Research
Mountain View, CA, USA
; Seattle, WA, USA
; +2 more
; +1 more
Software Engineer, AI/ML, Learning Platform
Mountain View, CA, USA
; New York, NY, USA
Senior Software Engineer, Generative AI, Google Workspace
New York, NY, USA
Senior Software Developer, Machine Learning, Google Cloud Platforms
Kirkland, WA, USA
; Seattle, WA, USA
; +3 more
; +2 more
 | Remote eligible
Senior Software Engineer, Infrastructure, Google Assistant
New York, NY, USA
Senior Software Engineer, Mobile (Android), Platforms & Ecosystems
Cambridge, MA, USA
; New York, NY, USA
Senior Software Engineer, Machine Learning, Android
Mountain View, CA, USA
; New York, NY, USA
; +2 more
; +1 more
Senior Software Engineer, Machine Learning, Gemini
Mountain View, CA, USA
; New York, NY, USA
Senior Software Engineer, Infrastructure, Google Cloud NetInfra
Sunnyvale, CA, USA
; New York, NY, USA
21‑34 of 34
navigate_before
Follow Life at Google on
More about us
About us
open_in_new
Contact us
open_in_new
Press
open_in_new
Related Information
Investor relations
open_in_new
Blog
open_in_new
Equal Opportunity
Google is proud to be an equal opportunity and affirmative action employer. We are committed to building a workforce that is representative of the users we serve, creating a culture of belonging, and providing an equal employment opportunity regardless of race, creed, color, religion, gender, sexual orientation, gender identity/expression, national origin, disability, age, genetic information, veteran status, marital status, pregnancy or related condition (including breastfeeding), expecting or parents-to-be, criminal histories consistent with legal requirements, or any other basis protected by law. See also 
 Google's EEO Policy
, 
Know your rights: workplace discrimination is illegal
, 
Belonging at Google
, and 
How we hire
.
More about us
expand_more
Related information
expand_more
Equal opportunity
expand_more
Privacy
open_in_new
Applicant & Candidate Privacy
open_in_new
Terms
open_in_new
help
Help
open_in_new
arrow_back
Back to jobs search
Senior Software Engineer, Mobile (Android), Platforms & Ecosystems
share
link
Copy link
email
Email a friend
corporate_fare
Google
place
Cambridge, MA, USA
; New York, NY, USA
bar_chart
Mid
Mid
Experience driving progress, solving problems, and mentoring more junior team members; deeper expertise and applied knowledge within relevant area.
Apply
share
link
Copy link
email
Email a friend
info_outline
X
Info Note: By applying to this position you will have an opportunity to share your preferred working location from the following: Cambridge, MA, USA; New York, NY, USA.
Note: By applying to this position you will have an opportunity to share your preferred working location from the following: 
Cambridge, MA, USA; New York, NY, USA
.
Minimum qualifications:
Bachelor’s degree or equivalent practical experience.

Experience with software development in one or more programming languages, and with data structures/algorithms.
Experience testing, maintaining, or launching software products, and with software design and architecture.
Experience with Android application development.
Preferred qualifications:
Master's degree or PhD in Computer Science or related technical field.

Experience developing accessible technologies.

Experience with performance, large scale systems data analysis, visualization tools, and/or debugging.
Experience in a technical leadership role.
About the job
Google's software engineers develop the next-generation technologies that change how billions of users connect, explore, and interact with information and one another. Our products need to handle information at massive scale, and extend well beyond web search. We're looking for engineers who bring fresh ideas from all areas, including information retrieval, distributed computing, large-scale system design, networking and data storage, security, artificial intelligence, natural language processing, UI design and mobile; the list goes on and is growing every day. As a software engineer, you will work on a specific project critical to Google’s needs with opportunities to switch teams and projects as you and our fast-paced business grow and evolve. We need our engineers to be versatile, display leadership qualities and be enthusiastic to take on new problems across the full-stack as we continue to push technology forward.
With your technical expertise you will manage project priorities, deadlines, and deliverables. You will design, develop, test, deploy, maintain, and enhance software solutions.

Android is Google’s open-source mobile operating system powering more than 3 billion devices worldwide. Android is about bringing computing to everyone in the world. We believe computing is a super power for good, enabling access to information, economic opportunity, productivity, connectivity between friends and family and more. We think everyone in the world should have access to the best computing has to offer. We provide the platform for original equipment manufacturers (OEMs) and developers to build compelling computing devices (smartphones, tablets, TVs, wearables, etc) that run the best apps/services for everyone in the world.
The US base salary range for this full-time position is $161,000-$239,000 + bonus + equity + benefits. Our salary ranges are determined by role, level, and location. The range displayed on each job posting reflects the minimum and maximum target salaries for the position across all US locations. Within the range, individual pay is determined by work location and additional factors, including job-related skills, experience, and relevant education or training. Your recruiter can share more about the specific salary range for your preferred location during the hiring process.
Please note that the compensation details listed in US role postings reflect the base salary only, and do not include bonus, equity, or benefits. Learn more about 
benefits at Google
.
Responsibilities
Write and test product or system development code.
Review code developed by other engineers and provide feedback to ensure best practices (e.g., style guidelines, checking code in, accuracy, testability, and efficiency).

Contribute to existing documentation or educational content and adapt content based on product/program updates and user feedback.

Triage product or system issues and debug/track/resolve by analyzing the sources of issues and the impact on hardware, network, or service operations and quality. 

Participate in, or lead design reviews with peers and stakeholders to decide amongst available technologies.
Information collected and processed as part of your Google Careers profile, and any job applications you choose to submit is subject to Google's 
Applicant and Candidate Privacy Policy
.
Google is proud to be an equal opportunity and affirmative action employer. We are committed to building a workforce that is representative of the users we serve, creating a culture of belonging, and providing an equal employment opportunity regardless of race, creed, color, religion, gender, sexual orientation, gender identity/expression, national origin, disability, age, genetic information, veteran status, marital status, pregnancy or related condition (including breastfeeding), expecting or parents-to-be, criminal histories consistent with legal requirements, or any other basis protected by law. See also 
 Google's EEO Policy
, 
Know your rights: workplace discrimination is illegal
, 
Belonging at Google
, and 
How we hire
.
If you have a need that requires accommodation, please let us know by completing our 
Accommodations for Applicants form
.
Google is a global company and, in order to facilitate efficient collaboration and communication globally, English proficiency is a requirement for all roles unless stated otherwise in the job posting.
To all recruitment agencies: Google does not accept agency resumes. Please do not forward resumes to our jobs alias, Google employees, or any other organization location. Google is not responsible for any fees related to unsolicited resumes.
Follow Life at Google on
More about us
About us
open_in_new
Contact us
open_in_new
Press
open_in_new
Related Information
Investor relations
open_in_new
Blog
open_in_new
Equal Opportunity
Google is proud to be an equal opportunity and affirmative action employer. We are committed to building a workforce that is representative of the users we serve, creating a culture of belonging, and providing an equal employment opportunity regardless of race, creed, color, religion, gender, sexual orientation, gender identity/expression, national origin, disability, age, genetic information, veteran status, marital status, pregnancy or related condition (including breastfeeding), expecting or parents-to-be, criminal histories consistent with legal requirements, or any other basis protected by law. See also 
 Google's EEO Policy
, 
Know your rights: workplace discrimination is illegal
, 
Belonging at Google
, and 
How we hire
.
More about us
expand_more
Related information
expand_more
Equal opportunity
expand_more
Privacy
open_in_new
Applicant & Candidate Privacy
open_in_new
Terms
open_in_new
help
Help
open_in_new

Follow Life at Google on
More about us
About us
open_in_new
Contact us
open_in_new
Press
open_in_new
Related Information
Investor relations
open_in_new
Blog
open_in_new
Equal Opportunity
Google is proud to be an equal opportunity and affirmative action employer. We are committed to building a workforce that is representative of the users we serve, creating a culture of belonging, and providing an equal employment opportunity regardless of race, creed, color, religion, gender, sexual orientation, gender identity/expression, national origin, disability, age, genetic information, veteran status, marital status, pregnancy or related condition (including breastfeeding), expecting or parents-to-be, criminal histories consistent with legal requirements, or any other basis protected by law. See also 
 Google's EEO Policy
, 
Know your rights: workplace discrimination is illegal
, 
Belonging at Google
, and 
How we hire
.
More about us
expand_more
Related information
expand_more
Equal opportunity
expand_more
Privacy
open_in_new
Applicant & Candidate Privacy
open_in_new
Terms
open_in_new
help
Help
open_in_new








Main menu
Google apps"
Google,"Senior Software Engineer, Machine Learning, Android — Google Careers",https://www.google.com/about/careers/applications/jobs/results/87778027567489734-senior-software-engineer-machine-learning-android?degree=BACHELORS&q=Software%20Engineer&employment_type=FULL_TIME&sort_by=date&target_level=EARLY&target_level=MID&location=New%20York%2C%20NY%2C%20USA&page=2,2024-07-24 01:30,2024-07-24 01:30,2024-07-24 01:30,"Senior Software Engineer, Machine Learning, Android — Google Careers






Careers
Careers
Skip to main content
Teams
Locations
Benefits
Jobs
Students
Your career
arrow_drop_down
Your career menu
Applications
Profile
Saved jobs
Job alerts
Sign in

Applications
Profile
Search jobs
Saved jobs
Job alerts
Teams
Locations
Benefits
Jobs
Students
Help
Send Feedback
job details
arrow_back
Back to jobs search
Jobs search results
34
  jobs matched
Senior Software Engineer, Google Cloud Security and Privacy
New York, NY, USA
Senior Software Engineer, Machine Learning, Google Research
Mountain View, CA, USA
; Atlanta, GA, USA
; +2 more
; +1 more
Senior Software Engineer, Mobile (iOS), Geo
New York, NY, USA
Senior Software Engineer, Machine Learning, Google Assistant
Mountain View, CA, USA
; New York, NY, USA
Software Engineer, Google Cloud Software Development Kit
New York, NY, USA
; Kirkland, New York, USA
; +3 more
; +2 more
Software Engineer III, Machine Learning, Google Research
Mountain View, CA, USA
; Seattle, WA, USA
; +2 more
; +1 more
Software Engineer, AI/ML, Learning Platform
Mountain View, CA, USA
; New York, NY, USA
Senior Software Engineer, Generative AI, Google Workspace
New York, NY, USA
Senior Software Developer, Machine Learning, Google Cloud Platforms
Kirkland, WA, USA
; Seattle, WA, USA
; +3 more
; +2 more
 | Remote eligible
Senior Software Engineer, Infrastructure, Google Assistant
New York, NY, USA
Senior Software Engineer, Mobile (Android), Platforms & Ecosystems
Cambridge, MA, USA
; New York, NY, USA
Senior Software Engineer, Machine Learning, Android
Mountain View, CA, USA
; New York, NY, USA
; +2 more
; +1 more
Senior Software Engineer, Machine Learning, Gemini
Mountain View, CA, USA
; New York, NY, USA
Senior Software Engineer, Infrastructure, Google Cloud NetInfra
Sunnyvale, CA, USA
; New York, NY, USA
21‑34 of 34
navigate_before
Follow Life at Google on
More about us
About us
open_in_new
Contact us
open_in_new
Press
open_in_new
Related Information
Investor relations
open_in_new
Blog
open_in_new
Equal Opportunity
Google is proud to be an equal opportunity and affirmative action employer. We are committed to building a workforce that is representative of the users we serve, creating a culture of belonging, and providing an equal employment opportunity regardless of race, creed, color, religion, gender, sexual orientation, gender identity/expression, national origin, disability, age, genetic information, veteran status, marital status, pregnancy or related condition (including breastfeeding), expecting or parents-to-be, criminal histories consistent with legal requirements, or any other basis protected by law. See also 
 Google's EEO Policy
, 
Know your rights: workplace discrimination is illegal
, 
Belonging at Google
, and 
How we hire
.
More about us
expand_more
Related information
expand_more
Equal opportunity
expand_more
Privacy
open_in_new
Applicant & Candidate Privacy
open_in_new
Terms
open_in_new
help
Help
open_in_new
arrow_back
Back to jobs search
Senior Software Engineer, Machine Learning, Android
share
link
Copy link
email
Email a friend
corporate_fare
Google
place
Mountain View, CA, USA
; New York, NY, USA
; +2 more
; +1 more
bar_chart
Mid
Mid
Experience driving progress, solving problems, and mentoring more junior team members; deeper expertise and applied knowledge within relevant area.
Apply
share
link
Copy link
email
Email a friend
info_outline
X
Info Note: By applying to this position you will have an opportunity to share your preferred working location from the following: Mountain View, CA, USA; New York, NY, USA; San Diego, CA, USA.
Note: By applying to this position you will have an opportunity to share your preferred working location from the following: 
Mountain View, CA, USA; New York, NY, USA; San Diego, CA, USA
.
Minimum qualifications:
Bachelor’s degree or equivalent practical experience.

5 years of experience with software development in one or more programming languages, and with data structures/algorithms.

3 years of experience testing, maintaining and/or launching software products, and 1 year of experience with software design and architecture.

3 years of experience with ML/AI algorithms and tools, deep learning and/or natural language processing.
Preferred qualifications:
Master's degree or PhD in Computer Science or related technical field.



1 year of experience in a technical leadership role.
Experience developing accessible technologies.
About the job
Google's software engineers develop the next-generation technologies that change how billions of users connect, explore, and interact with information and one another. Our products need to handle information at massive scale, and extend well beyond web search. We're looking for engineers who bring fresh ideas from all areas, including information retrieval, distributed computing, large-scale system design, networking and data storage, security, artificial intelligence, natural language processing, UI design and mobile; the list goes on and is growing every day. As a software engineer, you will work on a specific project critical to Google’s needs with opportunities to switch teams and projects as you and our fast-paced business grow and evolve. We need our engineers to be versatile, display leadership qualities and be enthusiastic to take on new problems across the full-stack as we continue to push technology forward.
With your technical expertise you will manage project priorities, deadlines, and deliverables. You will design, develop, test, deploy, maintain, and enhance software solutions.


Android is Google’s open-source mobile operating system powering more than 3 billion devices worldwide. Android is about bringing computing to everyone in the world. We believe computing is a super power for good, enabling access to information, economic opportunity, productivity, connectivity between friends and family and more. We think everyone in the world should have access to the best computing has to offer. We provide the platform for original equipment manufacturers (OEMs) and developers to build compelling computing devices (smartphones, tablets, TVs, wearables, etc) that run the best apps/services for everyone in the world.
The US base salary range for this full-time position is $161,000-$239,000 + bonus + equity + benefits. Our salary ranges are determined by role, level, and location. The range displayed on each job posting reflects the minimum and maximum target salaries for the position across all US locations. Within the range, individual pay is determined by work location and additional factors, including job-related skills, experience, and relevant education or training. Your recruiter can share more about the specific salary range for your preferred location during the hiring process. 
Please note that the compensation details listed in US role postings reflect the base salary only, and do not include bonus, equity, or benefits. Learn more about 
benefits at Google
.
Responsibilities
Write and test product or system development code.

Participate in, or lead design reviews with peers and stakeholders to decide amongst available technologies.

Review code developed by other developers and provide feedback to ensure best practices (e.g., style guidelines, checking code in, accuracy, testability, and efficiency).

Contribute to existing documentation or educational content and adapt content based on product/program updates and user feedback.

Triage product or system issues and debug/track/resolve by analyzing the sources of issues and the impact on hardware, network, or service operations and quality.

Information collected and processed as part of your Google Careers profile, and any job applications you choose to submit is subject to Google's 
Applicant and Candidate Privacy Policy
.
Google is proud to be an equal opportunity and affirmative action employer. We are committed to building a workforce that is representative of the users we serve, creating a culture of belonging, and providing an equal employment opportunity regardless of race, creed, color, religion, gender, sexual orientation, gender identity/expression, national origin, disability, age, genetic information, veteran status, marital status, pregnancy or related condition (including breastfeeding), expecting or parents-to-be, criminal histories consistent with legal requirements, or any other basis protected by law. See also 
 Google's EEO Policy
, 
Know your rights: workplace discrimination is illegal
, 
Belonging at Google
, and 
How we hire
.
If you have a need that requires accommodation, please let us know by completing our 
Accommodations for Applicants form
.
Google is a global company and, in order to facilitate efficient collaboration and communication globally, English proficiency is a requirement for all roles unless stated otherwise in the job posting.
To all recruitment agencies: Google does not accept agency resumes. Please do not forward resumes to our jobs alias, Google employees, or any other organization location. Google is not responsible for any fees related to unsolicited resumes.
Follow Life at Google on
More about us
About us
open_in_new
Contact us
open_in_new
Press
open_in_new
Related Information
Investor relations
open_in_new
Blog
open_in_new
Equal Opportunity
Google is proud to be an equal opportunity and affirmative action employer. We are committed to building a workforce that is representative of the users we serve, creating a culture of belonging, and providing an equal employment opportunity regardless of race, creed, color, religion, gender, sexual orientation, gender identity/expression, national origin, disability, age, genetic information, veteran status, marital status, pregnancy or related condition (including breastfeeding), expecting or parents-to-be, criminal histories consistent with legal requirements, or any other basis protected by law. See also 
 Google's EEO Policy
, 
Know your rights: workplace discrimination is illegal
, 
Belonging at Google
, and 
How we hire
.
More about us
expand_more
Related information
expand_more
Equal opportunity
expand_more
Privacy
open_in_new
Applicant & Candidate Privacy
open_in_new
Terms
open_in_new
help
Help
open_in_new

Follow Life at Google on
More about us
About us
open_in_new
Contact us
open_in_new
Press
open_in_new
Related Information
Investor relations
open_in_new
Blog
open_in_new
Equal Opportunity
Google is proud to be an equal opportunity and affirmative action employer. We are committed to building a workforce that is representative of the users we serve, creating a culture of belonging, and providing an equal employment opportunity regardless of race, creed, color, religion, gender, sexual orientation, gender identity/expression, national origin, disability, age, genetic information, veteran status, marital status, pregnancy or related condition (including breastfeeding), expecting or parents-to-be, criminal histories consistent with legal requirements, or any other basis protected by law. See also 
 Google's EEO Policy
, 
Know your rights: workplace discrimination is illegal
, 
Belonging at Google
, and 
How we hire
.
More about us
expand_more
Related information
expand_more
Equal opportunity
expand_more
Privacy
open_in_new
Applicant & Candidate Privacy
open_in_new
Terms
open_in_new
help
Help
open_in_new








Google apps
Main menu"
Google,"Senior Software Engineer, Machine Learning, Gemini — Google Careers",https://www.google.com/about/careers/applications/jobs/results/82328078201561798-senior-software-engineer-machine-learning-gemini?degree=BACHELORS&q=Software%20Engineer&employment_type=FULL_TIME&sort_by=date&target_level=EARLY&target_level=MID&location=New%20York%2C%20NY%2C%20USA&page=2,2024-07-24 01:30,2024-07-24 01:30,2024-07-24 01:30,"Senior Software Engineer, Machine Learning, Gemini — Google Careers






Careers
Careers
Skip to main content
Teams
Locations
Benefits
Jobs
Students
Your career
arrow_drop_down
Your career menu
Applications
Profile
Saved jobs
Job alerts
Sign in

Applications
Profile
Search jobs
Saved jobs
Job alerts
Teams
Locations
Benefits
Jobs
Students
Help
Send Feedback
job details
arrow_back
Back to jobs search
Jobs search results
34
  jobs matched
Senior Software Engineer, Google Cloud Security and Privacy
New York, NY, USA
Senior Software Engineer, Machine Learning, Google Research
Mountain View, CA, USA
; Atlanta, GA, USA
; +2 more
; +1 more
Senior Software Engineer, Mobile (iOS), Geo
New York, NY, USA
Senior Software Engineer, Machine Learning, Google Assistant
Mountain View, CA, USA
; New York, NY, USA
Software Engineer, Google Cloud Software Development Kit
New York, NY, USA
; Kirkland, New York, USA
; +3 more
; +2 more
Software Engineer III, Machine Learning, Google Research
Mountain View, CA, USA
; Seattle, WA, USA
; +2 more
; +1 more
Software Engineer, AI/ML, Learning Platform
Mountain View, CA, USA
; New York, NY, USA
Senior Software Engineer, Generative AI, Google Workspace
New York, NY, USA
Senior Software Developer, Machine Learning, Google Cloud Platforms
Kirkland, WA, USA
; Seattle, WA, USA
; +3 more
; +2 more
 | Remote eligible
Senior Software Engineer, Infrastructure, Google Assistant
New York, NY, USA
Senior Software Engineer, Mobile (Android), Platforms & Ecosystems
Cambridge, MA, USA
; New York, NY, USA
Senior Software Engineer, Machine Learning, Android
Mountain View, CA, USA
; New York, NY, USA
; +2 more
; +1 more
Senior Software Engineer, Machine Learning, Gemini
Mountain View, CA, USA
; New York, NY, USA
Senior Software Engineer, Infrastructure, Google Cloud NetInfra
Sunnyvale, CA, USA
; New York, NY, USA
21‑34 of 34
navigate_before
Follow Life at Google on
More about us
About us
open_in_new
Contact us
open_in_new
Press
open_in_new
Related Information
Investor relations
open_in_new
Blog
open_in_new
Equal Opportunity
Google is proud to be an equal opportunity and affirmative action employer. We are committed to building a workforce that is representative of the users we serve, creating a culture of belonging, and providing an equal employment opportunity regardless of race, creed, color, religion, gender, sexual orientation, gender identity/expression, national origin, disability, age, genetic information, veteran status, marital status, pregnancy or related condition (including breastfeeding), expecting or parents-to-be, criminal histories consistent with legal requirements, or any other basis protected by law. See also 
 Google's EEO Policy
, 
Know your rights: workplace discrimination is illegal
, 
Belonging at Google
, and 
How we hire
.
More about us
expand_more
Related information
expand_more
Equal opportunity
expand_more
Privacy
open_in_new
Applicant & Candidate Privacy
open_in_new
Terms
open_in_new
help
Help
open_in_new
arrow_back
Back to jobs search
Senior Software Engineer, Machine Learning, Gemini
share
link
Copy link
email
Email a friend
corporate_fare
Google
place
Mountain View, CA, USA
; New York, NY, USA
bar_chart
Mid
Mid
Experience driving progress, solving problems, and mentoring more junior team members; deeper expertise and applied knowledge within relevant area.
Apply
share
link
Copy link
email
Email a friend
info_outline
X
Info Note: By applying to this position you will have an opportunity to share your preferred working location from the following: Mountain View, CA, USA; New York, NY, USA.
Note: By applying to this position you will have an opportunity to share your preferred working location from the following: 
Mountain View, CA, USA; New York, NY, USA
.
Minimum qualifications:
Bachelor’s degree or equivalent practical experience.

6 years of experience in software engineering, including experience with Machine Learning (ML) models, ML infrastructure, Natural Language Processing or Computer Vision. 
5 years of experience with software development in one or more programming languages, and with data structures/algorithms.

3 years of experience testing, maintaining or launching software products, and 1 year of experience with software design and architecture.
Preferred qualifications:
Master's degree or PhD in Computer Science or related technical field.



1 year of experience in a technical leadership role.
Experience developing accessible technologies.
About the job
Google's software engineers develop the next-generation technologies that change how billions of users connect, explore, and interact with information and one another. Our products need to handle information at massive scale, and extend well beyond web search. We're looking for engineers who bring fresh ideas from all areas, including information retrieval, distributed computing, large-scale system design, networking and data storage, security, artificial intelligence, natural language processing, UI design and mobile; the list goes on and is growing every day. As a software engineer, you will work on a specific project critical to Google’s needs with opportunities to switch teams and projects as you and our fast-paced business grow and evolve. We need our engineers to be versatile, display leadership qualities and be enthusiastic to take on new problems across the full-stack as we continue to push technology forward.A conversational AI tool that enables users to collaborate with generative AI and help augment their imagination, expand their curiosity, and enhance their productivity.  
The US base salary range for this full-time position is $161,000-$239,000 + bonus + equity + benefits. Our salary ranges are determined by role, level, and location. The range displayed on each job posting reflects the minimum and maximum target for new hire salaries for the position across all US locations. Within the range, individual pay is determined by work location and additional factors, including job-related skills, experience, and relevant education or training. Your recruiter can share more about the specific salary range for your preferred location during the hiring process. 
Please note that the compensation details listed in US role postings reflect the base salary only, and do not include bonus, equity, or benefits. Learn more about 
benefits at Google
.
Responsibilities
Write and test product or system development code.

Participate in, or lead design reviews with peers and stakeholders to decide amongst available technologies.

Review code developed by other developers and provide feedback to ensure best practices (e.g., style guidelines, checking code in, accuracy, testability, and efficiency).

Contribute to existing documentation or educational content and adapt content based on product/program updates and user feedback.

Triage product or system issues and debug/track/resolve by analyzing the sources of issues and the impact on hardware, network, or service operations and quality.

Information collected and processed as part of your Google Careers profile, and any job applications you choose to submit is subject to Google's 
Applicant and Candidate Privacy Policy
.
Google is proud to be an equal opportunity and affirmative action employer. We are committed to building a workforce that is representative of the users we serve, creating a culture of belonging, and providing an equal employment opportunity regardless of race, creed, color, religion, gender, sexual orientation, gender identity/expression, national origin, disability, age, genetic information, veteran status, marital status, pregnancy or related condition (including breastfeeding), expecting or parents-to-be, criminal histories consistent with legal requirements, or any other basis protected by law. See also 
 Google's EEO Policy
, 
Know your rights: workplace discrimination is illegal
, 
Belonging at Google
, and 
How we hire
.
If you have a need that requires accommodation, please let us know by completing our 
Accommodations for Applicants form
.
Google is a global company and, in order to facilitate efficient collaboration and communication globally, English proficiency is a requirement for all roles unless stated otherwise in the job posting.
To all recruitment agencies: Google does not accept agency resumes. Please do not forward resumes to our jobs alias, Google employees, or any other organization location. Google is not responsible for any fees related to unsolicited resumes.
Follow Life at Google on
More about us
About us
open_in_new
Contact us
open_in_new
Press
open_in_new
Related Information
Investor relations
open_in_new
Blog
open_in_new
Equal Opportunity
Google is proud to be an equal opportunity and affirmative action employer. We are committed to building a workforce that is representative of the users we serve, creating a culture of belonging, and providing an equal employment opportunity regardless of race, creed, color, religion, gender, sexual orientation, gender identity/expression, national origin, disability, age, genetic information, veteran status, marital status, pregnancy or related condition (including breastfeeding), expecting or parents-to-be, criminal histories consistent with legal requirements, or any other basis protected by law. See also 
 Google's EEO Policy
, 
Know your rights: workplace discrimination is illegal
, 
Belonging at Google
, and 
How we hire
.
More about us
expand_more
Related information
expand_more
Equal opportunity
expand_more
Privacy
open_in_new
Applicant & Candidate Privacy
open_in_new
Terms
open_in_new
help
Help
open_in_new

Follow Life at Google on
More about us
About us
open_in_new
Contact us
open_in_new
Press
open_in_new
Related Information
Investor relations
open_in_new
Blog
open_in_new
Equal Opportunity
Google is proud to be an equal opportunity and affirmative action employer. We are committed to building a workforce that is representative of the users we serve, creating a culture of belonging, and providing an equal employment opportunity regardless of race, creed, color, religion, gender, sexual orientation, gender identity/expression, national origin, disability, age, genetic information, veteran status, marital status, pregnancy or related condition (including breastfeeding), expecting or parents-to-be, criminal histories consistent with legal requirements, or any other basis protected by law. See also 
 Google's EEO Policy
, 
Know your rights: workplace discrimination is illegal
, 
Belonging at Google
, and 
How we hire
.
More about us
expand_more
Related information
expand_more
Equal opportunity
expand_more
Privacy
open_in_new
Applicant & Candidate Privacy
open_in_new
Terms
open_in_new
help
Help
open_in_new








Main menu
Google apps"
Google,"Senior Software Engineer, Infrastructure, Google Cloud NetInfra — Google Careers",https://www.google.com/about/careers/applications/jobs/results/137876357955625670-senior-software-engineer-infrastructure-google-cloud-netinfra?degree=BACHELORS&q=Software%20Engineer&employment_type=FULL_TIME&sort_by=date&target_level=EARLY&target_level=MID&location=New%20York%2C%20NY%2C%20USA&page=2,2024-07-24 01:30,2024-07-24 01:30,2024-07-24 01:30,"Senior Software Engineer, Infrastructure, Google Cloud NetInfra — Google Careers






Careers
Careers
Skip to main content
Teams
Locations
Benefits
Jobs
Students
Your career
arrow_drop_down
Your career menu
Applications
Profile
Saved jobs
Job alerts
Sign in

Applications
Profile
Search jobs
Saved jobs
Job alerts
Teams
Locations
Benefits
Jobs
Students
Help
Send Feedback
job details
arrow_back
Back to jobs search
Jobs search results
34
  jobs matched
Senior Software Engineer, Google Cloud Security and Privacy
New York, NY, USA
Senior Software Engineer, Machine Learning, Google Research
Mountain View, CA, USA
; Atlanta, GA, USA
; +2 more
; +1 more
Senior Software Engineer, Mobile (iOS), Geo
New York, NY, USA
Senior Software Engineer, Machine Learning, Google Assistant
Mountain View, CA, USA
; New York, NY, USA
Software Engineer, Google Cloud Software Development Kit
New York, NY, USA
; Kirkland, New York, USA
; +3 more
; +2 more
Software Engineer III, Machine Learning, Google Research
Mountain View, CA, USA
; Seattle, WA, USA
; +2 more
; +1 more
Software Engineer, AI/ML, Learning Platform
Mountain View, CA, USA
; New York, NY, USA
Senior Software Engineer, Generative AI, Google Workspace
New York, NY, USA
Senior Software Developer, Machine Learning, Google Cloud Platforms
Kirkland, WA, USA
; Seattle, WA, USA
; +3 more
; +2 more
 | Remote eligible
Senior Software Engineer, Infrastructure, Google Assistant
New York, NY, USA
Senior Software Engineer, Mobile (Android), Platforms & Ecosystems
Cambridge, MA, USA
; New York, NY, USA
Senior Software Engineer, Machine Learning, Android
Mountain View, CA, USA
; New York, NY, USA
; +2 more
; +1 more
Senior Software Engineer, Machine Learning, Gemini
Mountain View, CA, USA
; New York, NY, USA
Senior Software Engineer, Infrastructure, Google Cloud NetInfra
Sunnyvale, CA, USA
; New York, NY, USA
21‑34 of 34
navigate_before
Follow Life at Google on
More about us
About us
open_in_new
Contact us
open_in_new
Press
open_in_new
Related Information
Investor relations
open_in_new
Blog
open_in_new
Equal Opportunity
Google is proud to be an equal opportunity and affirmative action employer. We are committed to building a workforce that is representative of the users we serve, creating a culture of belonging, and providing an equal employment opportunity regardless of race, creed, color, religion, gender, sexual orientation, gender identity/expression, national origin, disability, age, genetic information, veteran status, marital status, pregnancy or related condition (including breastfeeding), expecting or parents-to-be, criminal histories consistent with legal requirements, or any other basis protected by law. See also 
 Google's EEO Policy
, 
Know your rights: workplace discrimination is illegal
, 
Belonging at Google
, and 
How we hire
.
More about us
expand_more
Related information
expand_more
Equal opportunity
expand_more
Privacy
open_in_new
Applicant & Candidate Privacy
open_in_new
Terms
open_in_new
help
Help
open_in_new
arrow_back
Back to jobs search
Senior Software Engineer, Infrastructure, Google Cloud NetInfra
share
link
Copy link
email
Email a friend
corporate_fare
Google
place
Sunnyvale, CA, USA
; New York, NY, USA
bar_chart
Mid
Mid
Experience driving progress, solving problems, and mentoring more junior team members; deeper expertise and applied knowledge within relevant area.
Apply
share
link
Copy link
email
Email a friend
info_outline
X
Info Note: By applying to this position you will have an opportunity to share your preferred working location from the following: Sunnyvale, CA, USA; New York, NY, USA.
Note: By applying to this position you will have an opportunity to share your preferred working location from the following: 
Sunnyvale, CA, USA; New York, NY, USA
.
Minimum qualifications:
Bachelor’s degree or equivalent practical experience.

5 years of experience with software development in C++, and with data structures/algorithms. 
3 years of experience testing, maintaining, or launching software products, and 1 year of experience with software design and architecture.

3 years of experience developing large-scale infrastructure, distributed systems or networks, or experience with compute technologies, storage or hardware architecture.
Preferred qualifications:
Master's degree or PhD in Computer Science or related technical field.

1 year of experience in a technical leadership role.

Experience developing accessible technologies.

About the job
Google's software engineers develop the next-generation technologies that change how billions of users connect, explore, and interact with information and one another. Our products need to handle information at massive scale, and extend well beyond web search. We're looking for engineers who bring fresh ideas from all areas, including information retrieval, distributed computing, large-scale system design, networking and data storage, security, artificial intelligence, natural language processing, UI design and mobile; the list goes on and is growing every day. As a software engineer, you will work on a specific project critical to Google’s needs with opportunities to switch teams and projects as you and our fast-paced business grow and evolve. We need our engineers to be versatile, display leadership qualities and be enthusiastic to take on new problems across the full-stack as we continue to push technology forward.
Behind everything our users see online is the architecture built by the Technical Infrastructure team to keep it running. From developing and maintaining our data centers to building the next generation of Google platforms, we make Google's product portfolio possible. We're proud to be our engineers' engineers and love voiding warranties by taking things apart so we can rebuild them. We keep our networks up and running, ensuring our users have the best and fastest experience possible.

Google Cloud accelerates organizations’ ability to digitally transform their business with the best infrastructure, platform, industry solutions and expertise. We deliver enterprise-grade solutions that leverage Google’s cutting-edge technology – all on the cleanest cloud in the industry. Customers in more than 200 countries and territories turn to Google Cloud as their trusted partner to enable growth and solve their most critical business problems.
The US base salary range for this full-time position is $161,000-$239,000 + bonus + equity + benefits. Our salary ranges are determined by role, level, and location. The range displayed on each job posting reflects the minimum and maximum target salaries for the position across all US locations. Within the range, individual pay is determined by work location and additional factors, including job-related skills, experience, and relevant education or training. Your recruiter can share more about the specific salary range for your preferred location during the hiring process.
Please note that the compensation details listed in US role postings reflect the base salary only, and do not include bonus, equity, or benefits. Learn more about 
benefits at Google
.
Responsibilities
Write and test product or system development code.
Participate in, or lead design reviews with peers and stakeholders to decide amongst available technologies.

Review code developed by other developers and provide feedback to ensure best practices (e.g., style guidelines, checking code in, accuracy, testability, and efficiency).
Contribute to existing documentation or educational content and adapt content based on product/program updates and user feedback.

Triage product or system issues and debug/track/resolve by analyzing the sources of issues and the impact on hardware, network, or service operations and quality.
Information collected and processed as part of your Google Careers profile, and any job applications you choose to submit is subject to Google's 
Applicant and Candidate Privacy Policy
.
Google is proud to be an equal opportunity and affirmative action employer. We are committed to building a workforce that is representative of the users we serve, creating a culture of belonging, and providing an equal employment opportunity regardless of race, creed, color, religion, gender, sexual orientation, gender identity/expression, national origin, disability, age, genetic information, veteran status, marital status, pregnancy or related condition (including breastfeeding), expecting or parents-to-be, criminal histories consistent with legal requirements, or any other basis protected by law. See also 
 Google's EEO Policy
, 
Know your rights: workplace discrimination is illegal
, 
Belonging at Google
, and 
How we hire
.
If you have a need that requires accommodation, please let us know by completing our 
Accommodations for Applicants form
.
Google is a global company and, in order to facilitate efficient collaboration and communication globally, English proficiency is a requirement for all roles unless stated otherwise in the job posting.
To all recruitment agencies: Google does not accept agency resumes. Please do not forward resumes to our jobs alias, Google employees, or any other organization location. Google is not responsible for any fees related to unsolicited resumes.
Follow Life at Google on
More about us
About us
open_in_new
Contact us
open_in_new
Press
open_in_new
Related Information
Investor relations
open_in_new
Blog
open_in_new
Equal Opportunity
Google is proud to be an equal opportunity and affirmative action employer. We are committed to building a workforce that is representative of the users we serve, creating a culture of belonging, and providing an equal employment opportunity regardless of race, creed, color, religion, gender, sexual orientation, gender identity/expression, national origin, disability, age, genetic information, veteran status, marital status, pregnancy or related condition (including breastfeeding), expecting or parents-to-be, criminal histories consistent with legal requirements, or any other basis protected by law. See also 
 Google's EEO Policy
, 
Know your rights: workplace discrimination is illegal
, 
Belonging at Google
, and 
How we hire
.
More about us
expand_more
Related information
expand_more
Equal opportunity
expand_more
Privacy
open_in_new
Applicant & Candidate Privacy
open_in_new
Terms
open_in_new
help
Help
open_in_new

Follow Life at Google on
More about us
About us
open_in_new
Contact us
open_in_new
Press
open_in_new
Related Information
Investor relations
open_in_new
Blog
open_in_new
Equal Opportunity
Google is proud to be an equal opportunity and affirmative action employer. We are committed to building a workforce that is representative of the users we serve, creating a culture of belonging, and providing an equal employment opportunity regardless of race, creed, color, religion, gender, sexual orientation, gender identity/expression, national origin, disability, age, genetic information, veteran status, marital status, pregnancy or related condition (including breastfeeding), expecting or parents-to-be, criminal histories consistent with legal requirements, or any other basis protected by law. See also 
 Google's EEO Policy
, 
Know your rights: workplace discrimination is illegal
, 
Belonging at Google
, and 
How we hire
.
More about us
expand_more
Related information
expand_more
Equal opportunity
expand_more
Privacy
open_in_new
Applicant & Candidate Privacy
open_in_new
Terms
open_in_new
help
Help
open_in_new








Google apps
Main menu"
